side,index,s_m,x_m,y_m,width_from_center_m
left,0,0.000000000,10.653671080,-3.243841308,0.600000000
left,1,0.029571351,10.674771216,-3.243662717,0.600000000
left,2,0.059142702,10.693048295,-3.243146840,0.600000000
left,3,0.088714053,10.711312437,-3.242287246,0.600000000
left,4,0.118285404,10.729557177,-3.241084242,0.600000000
left,5,0.147856755,10.747776059,-3.239538251,0.600000000
left,6,0.177428107,10.765962636,-3.237649822,0.600000000
left,7,0.206999458,10.784110473,-3.235419623,0.600000000
left,8,0.236570809,10.802213146,-3.232848442,0.600000000
left,9,0.266142160,10.820264251,-3.229937191,0.600000000
left,10,0.295713511,10.838257398,-3.226686898,0.600000000
left,11,0.325284862,10.856186221,-3.223098714,0.600000000
left,12,0.354856213,10.874044375,-3.219173910,0.600000000
left,13,0.384427564,10.891825541,-3.214913873,0.600000000
left,14,0.413998915,10.909523425,-3.210320112,0.600000000
left,15,0.443570266,10.927131766,-3.205394251,0.600000000
left,16,0.473141617,10.944644331,-3.200138035,0.600000000
left,17,0.502712969,10.962054925,-3.194553324,0.600000000
left,18,0.532284320,10.979357384,-3.188642093,0.600000000
left,19,0.561855671,10.996545587,-3.182406434,0.600000000
left,20,0.591427022,11.013613451,-3.175848554,0.600000000
left,21,0.620998373,11.030554935,-3.168970774,0.600000000
left,22,0.650569724,11.047364046,-3.161775528,0.600000000
left,23,0.680141075,11.064034833,-3.154265362,0.600000000
left,24,0.709712426,11.080561399,-3.146442933,0.600000000
left,25,0.739283777,11.096937894,-3.138311011,0.600000000
left,26,0.768855128,11.113158523,-3.129872471,0.600000000
left,27,0.798426479,11.129217546,-3.121130302,0.600000000
left,28,0.827997831,11.145109281,-3.112087595,0.600000000
left,29,0.857569182,11.160828103,-3.102747553,0.600000000
left,30,0.887140533,11.176368449,-3.093113479,0.600000000
left,31,0.916711884,11.191724821,-3.083188782,0.600000000
left,32,0.946283235,11.206891785,-3.072976976,0.600000000
left,33,0.975854586,11.221863972,-3.062481674,0.600000000
left,34,1.005425937,11.236636085,-3.051706590,0.600000000
left,35,1.034997288,11.251202895,-3.040655536,0.600000000
left,36,1.064568639,11.265559249,-3.029332424,0.600000000
left,37,1.094139990,11.279700066,-3.017741261,0.600000000
left,38,1.123711341,11.293620341,-3.005886149,0.600000000
left,39,1.153282693,11.307315149,-2.993771282,0.600000000
left,40,1.182854044,11.320779643,-2.981400948,0.600000000
left,41,1.212425395,11.334009059,-2.968779525,0.600000000
left,42,1.241996746,11.346998714,-2.955911479,0.600000000
left,43,1.271568097,11.359744012,-2.942801364,0.600000000
left,44,1.301139448,11.372240444,-2.929453818,0.600000000
left,45,1.330710799,11.384483586,-2.915873567,0.600000000
left,46,1.360282150,11.396469105,-2.902065414,0.600000000
left,47,1.389853501,11.408192762,-2.888034248,0.600000000
left,48,1.419424852,11.419650406,-2.873785032,0.600000000
left,49,1.448996203,11.430837984,-2.859322810,0.600000000
left,50,1.478567555,11.441751535,-2.844652699,0.600000000
left,51,1.508138906,11.452387199,-2.829779891,0.600000000
left,52,1.537710257,11.462741211,-2.814709650,0.600000000
left,53,1.567281608,11.472809908,-2.799447307,0.600000000
left,54,1.596852959,11.482589726,-2.783998264,0.600000000
left,55,1.626424310,11.492077204,-2.768367988,0.600000000
left,56,1.655995661,11.501268985,-2.752562011,0.600000000
left,57,1.685567012,11.510161816,-2.736585925,0.600000000
left,58,1.715138363,11.518752550,-2.720445385,0.600000000
left,59,1.744709714,11.527038148,-2.704146102,0.600000000
left,60,1.774281065,11.535015677,-2.687693844,0.600000000
left,61,1.803852417,11.542682313,-2.671094433,0.600000000
left,62,1.833423768,11.550035345,-2.654353744,0.600000000
left,63,1.862995119,11.557072169,-2.637477699,0.600000000
left,64,1.892566470,11.563790296,-2.620472273,0.600000000
left,65,1.922137821,11.570187348,-2.603343482,0.600000000
left,66,1.951709172,11.576261062,-2.586097388,0.600000000
left,67,1.981280523,11.582009287,-2.568740094,0.600000000
left,68,2.010851874,11.587429991,-2.551277742,0.600000000
left,69,2.040423225,11.592521254,-2.533716512,0.600000000
left,70,2.069994576,11.597281276,-2.516062619,0.600000000
left,71,2.099565927,11.601708371,-2.498322309,0.600000000
left,72,2.129137279,11.605800972,-2.480501861,0.600000000
left,73,2.158708630,11.609557632,-2.462607581,0.600000000
left,74,2.188279981,11.612977022,-2.444645801,0.600000000
left,75,2.217851332,11.616057930,-2.426622878,0.600000000
left,76,2.247422683,11.618799268,-2.408545189,0.600000000
left,77,2.276994034,11.621200064,-2.390419132,0.600000000
left,78,2.306565385,11.623259469,-2.372251122,0.600000000
left,79,2.336136736,11.624976755,-2.354047587,0.600000000
left,80,2.365708087,11.626351313,-2.335814969,0.600000000
left,81,2.395279438,11.627382658,-2.317559721,0.600000000
left,82,2.424850789,11.628070424,-2.299288302,0.600000000
left,83,2.454422141,11.628414368,-2.281007179,0.600000000
left,84,2.483993492,11.628414368,-2.262722821,0.600000000
left,85,2.513564843,11.628070424,-2.244441698,0.600000000
left,86,2.543136194,11.627382658,-2.226170279,0.600000000
left,87,2.572707545,11.626351313,-2.207915031,0.600000000
left,88,2.602278896,11.624976755,-2.189682413,0.600000000
left,89,2.631850247,11.623259469,-2.171478878,0.600000000
left,90,2.661421598,11.621200064,-2.153310868,0.600000000
left,91,2.690992949,11.618799268,-2.135184811,0.600000000
left,92,2.720564300,11.616057930,-2.117107122,0.600000000
left,93,2.750135651,11.612977022,-2.099084199,0.600000000
left,94,2.779707003,11.609557632,-2.081122419,0.600000000
left,95,2.809278354,11.605800972,-2.063228139,0.600000000
left,96,2.838849705,11.601708371,-2.045407691,0.600000000
left,97,2.868421056,11.597281276,-2.027667381,0.600000000
left,98,2.897992407,11.592521254,-2.010013488,0.600000000
left,99,2.927563758,11.587429991,-1.992452258,0.600000000
left,100,2.957135109,11.582009287,-1.974989906,0.600000000
left,101,2.986706460,11.576261062,-1.957632612,0.600000000
left,102,3.016277811,11.570187348,-1.940386518,0.600000000
left,103,3.045849162,11.563790296,-1.923257727,0.600000000
left,104,3.075420513,11.557072169,-1.906252301,0.600000000
left,105,3.104991865,11.550035345,-1.889376256,0.600000000
left,106,3.134563216,11.542682313,-1.872635567,0.600000000
left,107,3.164134567,11.535015677,-1.856036156,0.600000000
left,108,3.193705918,11.527038148,-1.839583898,0.600000000
left,109,3.223277269,11.518752550,-1.823284615,0.600000000
left,110,3.252848620,11.510161816,-1.807144075,0.600000000
left,111,3.282419971,11.501268985,-1.791167989,0.600000000
left,112,3.311991322,11.492077204,-1.775362012,0.600000000
left,113,3.341562673,11.482589726,-1.759731736,0.600000000
left,114,3.371134024,11.472809908,-1.744282693,0.600000000
left,115,3.400705375,11.462741211,-1.729020350,0.600000000
left,116,3.430276727,11.452387199,-1.713950109,0.600000000
left,117,3.459848078,11.441751535,-1.699077301,0.600000000
left,118,3.489419429,11.430837984,-1.684407190,0.600000000
left,119,3.518990780,11.419650406,-1.669944968,0.600000000
left,120,3.548562131,11.408192762,-1.655695752,0.600000000
left,121,3.578133482,11.396469105,-1.641664586,0.600000000
left,122,3.607704833,11.384483586,-1.627856433,0.600000000
left,123,3.637276184,11.372240444,-1.614276182,0.600000000
left,124,3.666847535,11.359744012,-1.600928636,0.600000000
left,125,3.696418886,11.346998714,-1.587818521,0.600000000
left,126,3.725990237,11.334009059,-1.574950475,0.600000000
left,127,3.755561589,11.320779643,-1.562329052,0.600000000
left,128,3.785132940,11.307315149,-1.549958718,0.600000000
left,129,3.814704291,11.293620341,-1.537843851,0.600000000
left,130,3.844275642,11.279700066,-1.525988739,0.600000000
left,131,3.873846993,11.265559249,-1.514397576,0.600000000
left,132,3.903418344,11.251202895,-1.503074464,0.600000000
left,133,3.932989695,11.236636085,-1.492023410,0.600000000
left,134,3.962561046,11.221863972,-1.481248326,0.600000000
left,135,3.992132397,11.206891785,-1.470753024,0.600000000
left,136,4.021703748,11.191724821,-1.460541218,0.600000000
left,137,4.051275099,11.176368449,-1.450616521,0.600000000
left,138,4.080846451,11.160828103,-1.440982447,0.600000000
left,139,4.110417802,11.145109281,-1.431642405,0.600000000
left,140,4.139989153,11.129217546,-1.422599698,0.600000000
left,141,4.169560504,11.113158523,-1.413857529,0.600000000
left,142,4.199131855,11.096937894,-1.405418989,0.600000000
left,143,4.228703206,11.080561399,-1.397287067,0.600000000
left,144,4.258274557,11.064034833,-1.389464638,0.600000000
left,145,4.287845908,11.047364046,-1.381954472,0.600000000
left,146,4.317417259,11.030554935,-1.374759226,0.600000000
left,147,4.346988610,11.013613451,-1.367881446,0.600000000
left,148,4.376559961,10.996545587,-1.361323566,0.600000000
left,149,4.406131313,10.979357384,-1.355087907,0.600000000
left,150,4.435702664,10.962054925,-1.349176676,0.600000000
left,151,4.465274015,10.944644331,-1.343591965,0.600000000
left,152,4.494845366,10.927131766,-1.338335749,0.600000000
left,153,4.524416717,10.909523425,-1.333409888,0.600000000
left,154,4.553988068,10.891825541,-1.328816127,0.600000000
left,155,4.583559419,10.874044375,-1.324556090,0.600000000
left,156,4.613130770,10.856186221,-1.320631286,0.600000000
left,157,4.642702121,10.838257398,-1.317043102,0.600000000
left,158,4.672273472,10.820264251,-1.313792809,0.600000000
left,159,4.701844823,10.802213146,-1.310881558,0.600000000
left,160,4.731416175,10.784110473,-1.308310377,0.600000000
left,161,4.760987526,10.765962636,-1.306080178,0.600000000
left,162,4.790558877,10.747776059,-1.304191749,0.600000000
left,163,4.820130228,10.729557177,-1.302645758,0.600000000
left,164,4.849701579,10.711312437,-1.301442754,0.600000000
left,165,4.879272930,10.693048295,-1.300583160,0.600000000
left,166,4.908844281,10.674771216,-1.300067283,0.600000000
left,167,4.938415632,10.653671080,-1.299888692,0.600000000
left,168,4.968096012,10.626807287,-1.299895303,0.600000000
left,169,4.997776392,10.597126907,-1.299895303,0.600000000
left,170,5.027456772,10.567446527,-1.299895303,0.600000000
left,171,5.057137152,10.537766147,-1.299895303,0.600000000
left,172,5.086817532,10.508085767,-1.299895303,0.600000000
left,173,5.116497912,10.478405387,-1.299895303,0.600000000
left,174,5.146178292,10.448725007,-1.299895303,0.600000000
left,175,5.175858672,10.419044627,-1.299895303,0.600000000
left,176,5.205539052,10.389364247,-1.299895303,0.600000000
left,177,5.235219432,10.359683867,-1.299895303,0.600000000
left,178,5.264899812,10.330003487,-1.299895303,0.600000000
left,179,5.294580192,10.300323107,-1.299895303,0.600000000
left,180,5.324260572,10.270642727,-1.299895303,0.600000000
left,181,5.353940952,10.240962347,-1.299895303,0.600000000
left,182,5.383621332,10.211281967,-1.299895303,0.600000000
left,183,5.413301712,10.181601587,-1.299895303,0.600000000
left,184,5.442982092,10.151921207,-1.299895303,0.600000000
left,185,5.472662472,10.122240827,-1.299895303,0.600000000
left,186,5.502342852,10.092560447,-1.299895303,0.600000000
left,187,5.532023231,10.062880067,-1.299895303,0.600000000
left,188,5.561703611,10.033199687,-1.299895303,0.600000000
left,189,5.591383991,10.003519307,-1.299895303,0.600000000
left,190,5.621064371,9.973838927,-1.299895303,0.600000000
left,191,5.650744751,9.944158547,-1.299895303,0.600000000
left,192,5.680425131,9.914478168,-1.299895303,0.600000000
left,193,5.710105511,9.884797788,-1.299895303,0.600000000
left,194,5.739785891,9.855117408,-1.299895303,0.600000000
left,195,5.769466271,9.825437028,-1.299895303,0.600000000
left,196,5.799146651,9.795756648,-1.299895303,0.600000000
left,197,5.828827031,9.766076268,-1.299895303,0.600000000
left,198,5.858507411,9.736395888,-1.299895303,0.600000000
left,199,5.888187791,9.706715508,-1.299895303,0.600000000
left,200,5.917868171,9.677035128,-1.299895303,0.600000000
left,201,5.947548551,9.647354748,-1.299895303,0.600000000
left,202,5.977228931,9.617674368,-1.299895303,0.600000000
left,203,6.006909311,9.587993988,-1.299895303,0.600000000
left,204,6.036589691,9.558313608,-1.299895303,0.600000000
left,205,6.066270071,9.528633228,-1.299895303,0.600000000
left,206,6.095950451,9.498952848,-1.299895303,0.600000000
left,207,6.125630831,9.469272468,-1.299895303,0.600000000
left,208,6.155311211,9.439592088,-1.299895303,0.600000000
left,209,6.184991591,9.409911708,-1.299895303,0.600000000
left,210,6.214671971,9.380231328,-1.299895303,0.600000000
left,211,6.244352351,9.350550948,-1.299895303,0.600000000
left,212,6.274032731,9.320870568,-1.299895303,0.600000000
left,213,6.303713111,9.291190188,-1.299895303,0.600000000
left,214,6.333393491,9.261509808,-1.299895303,0.600000000
left,215,6.363073871,9.231829428,-1.299895303,0.600000000
left,216,6.392754250,9.202149048,-1.299895303,0.600000000
left,217,6.422434630,9.172468668,-1.299895303,0.600000000
left,218,6.452115010,9.142788288,-1.299895303,0.600000000
left,219,6.481795390,9.113107908,-1.299895303,0.600000000
left,220,6.511475770,9.083427528,-1.299895303,0.600000000
left,221,6.541156150,9.053747149,-1.299895303,0.600000000
left,222,6.570836530,9.024066769,-1.299895303,0.600000000
left,223,6.600516910,8.994386389,-1.299895303,0.600000000
left,224,6.630197290,8.964706009,-1.299895303,0.600000000
left,225,6.659877670,8.935025629,-1.299895303,0.600000000
left,226,6.689558050,8.905345249,-1.299895303,0.600000000
left,227,6.719238430,8.875664869,-1.299895303,0.600000000
left,228,6.748918810,8.845984489,-1.299895303,0.600000000
left,229,6.778599190,8.816304109,-1.299895303,0.600000000
left,230,6.808279570,8.786623729,-1.299895303,0.600000000
left,231,6.837959950,8.756943349,-1.299895303,0.600000000
left,232,6.867640330,8.727262969,-1.299895303,0.600000000
left,233,6.897320710,8.697582589,-1.299895303,0.600000000
left,234,6.927001090,8.667902209,-1.299895303,0.600000000
left,235,6.956681470,8.638221829,-1.299895303,0.600000000
left,236,6.986361850,8.608541449,-1.299895303,0.600000000
left,237,7.016042230,8.578861069,-1.299895303,0.600000000
left,238,7.045722610,8.549180689,-1.299895303,0.600000000
left,239,7.075402990,8.519500309,-1.299895303,0.600000000
left,240,7.105083370,8.489819929,-1.299895303,0.600000000
left,241,7.134763750,8.460139549,-1.299895303,0.600000000
left,242,7.164444130,8.430459169,-1.299895303,0.600000000
left,243,7.194124510,8.400778789,-1.299895303,0.600000000
left,244,7.223804890,8.371098409,-1.299895303,0.600000000
left,245,7.253485269,8.341418029,-1.299895303,0.600000000
left,246,7.283165649,8.311737649,-1.299895303,0.600000000
left,247,7.312846029,8.282057269,-1.299895303,0.600000000
left,248,7.342526409,8.252376889,-1.299895303,0.600000000
left,249,7.372206789,8.222696509,-1.299895303,0.600000000
left,250,7.401887169,8.193016130,-1.299895303,0.600000000
left,251,7.431567549,8.163335750,-1.299895303,0.600000000
left,252,7.461247929,8.133655370,-1.299895303,0.600000000
left,253,7.490928309,8.103974990,-1.299895303,0.600000000
left,254,7.520608689,8.074294610,-1.299895303,0.600000000
left,255,7.550289069,8.044614230,-1.299895303,0.600000000
left,256,7.579969449,8.014933850,-1.299895303,0.600000000
left,257,7.609649829,7.985253470,-1.299895303,0.600000000
left,258,7.639330209,7.955573090,-1.299895303,0.600000000
left,259,7.669010589,7.925892710,-1.299895303,0.600000000
left,260,7.698690969,7.896212330,-1.299895303,0.600000000
left,261,7.728371349,7.866531950,-1.299895303,0.600000000
left,262,7.758051729,7.836851570,-1.299895303,0.600000000
left,263,7.787732109,7.807171190,-1.299895303,0.600000000
left,264,7.817412489,7.777490810,-1.299895303,0.600000000
left,265,7.847092869,7.747810430,-1.299895303,0.600000000
left,266,7.876773249,7.718130050,-1.299895303,0.600000000
left,267,7.906453629,7.688449670,-1.299895303,0.600000000
left,268,7.936134009,7.658769290,-1.299895303,0.600000000
left,269,7.965814389,7.629088910,-1.299895303,0.600000000
left,270,7.995494769,7.599408530,-1.299895303,0.600000000
left,271,8.025175149,7.569728150,-1.299895303,0.600000000
left,272,8.054855529,7.540047770,-1.299895303,0.600000000
left,273,8.084535909,7.510367390,-1.299895303,0.600000000
left,274,8.114216288,7.480687010,-1.299895303,0.600000000
left,275,8.143896668,7.451006630,-1.299895303,0.600000000
left,276,8.173577048,7.421326250,-1.299895303,0.600000000
left,277,8.203257428,7.391645870,-1.299895303,0.600000000
left,278,8.232937808,7.361965491,-1.299895303,0.600000000
left,279,8.262618188,7.332285111,-1.299895303,0.600000000
left,280,8.292298568,7.302604731,-1.299895303,0.600000000
left,281,8.321978948,7.272924351,-1.299895303,0.600000000
left,282,8.351659328,7.243243971,-1.299895303,0.600000000
left,283,8.381339708,7.213563591,-1.299895303,0.600000000
left,284,8.411020088,7.183883211,-1.299895303,0.600000000
left,285,8.440700468,7.154202831,-1.299895303,0.600000000
left,286,8.470380848,7.124522451,-1.299895303,0.600000000
left,287,8.500061228,7.094842071,-1.299895303,0.600000000
left,288,8.529741608,7.065161691,-1.299895303,0.600000000
left,289,8.559421988,7.035481311,-1.299895303,0.600000000
left,290,8.589102368,7.005800931,-1.299895303,0.600000000
left,291,8.618782748,6.976120551,-1.299895303,0.600000000
left,292,8.648463128,6.946440171,-1.299895303,0.600000000
left,293,8.678143508,6.916759791,-1.299895303,0.600000000
left,294,8.707823888,6.887079411,-1.299895303,0.600000000
left,295,8.737504268,6.857399031,-1.299895303,0.600000000
left,296,8.767184648,6.827718651,-1.299895303,0.600000000
left,297,8.796865028,6.798038271,-1.299895303,0.600000000
left,298,8.826545408,6.768357891,-1.299895303,0.600000000
left,299,8.856225788,6.738677511,-1.299895303,0.600000000
left,300,8.885906168,6.708997131,-1.299895303,0.600000000
left,301,8.915586548,6.679316751,-1.299895303,0.600000000
left,302,8.945266928,6.649636371,-1.299895303,0.600000000
left,303,8.974947307,6.619955991,-1.299895303,0.600000000
left,304,9.004627687,6.590275611,-1.299895303,0.600000000
left,305,9.034308067,6.560595231,-1.299895303,0.600000000
left,306,9.063988447,6.530914851,-1.299895303,0.600000000
left,307,9.093668827,6.501234472,-1.299895303,0.600000000
left,308,9.123349207,6.471554092,-1.299895303,0.600000000
left,309,9.153029587,6.441873712,-1.299895303,0.600000000
left,310,9.182709967,6.412193332,-1.299895303,0.600000000
left,311,9.212390347,6.382512952,-1.299895303,0.600000000
left,312,9.242070727,6.352832572,-1.299895303,0.600000000
left,313,9.271751107,6.323152192,-1.299895303,0.600000000
left,314,9.301431487,6.293471812,-1.299895303,0.600000000
left,315,9.331111867,6.263791432,-1.299895303,0.600000000
left,316,9.360792247,6.234111052,-1.299895303,0.600000000
left,317,9.390472627,6.204430672,-1.299895303,0.600000000
left,318,9.420153007,6.174750292,-1.299895303,0.600000000
left,319,9.449833387,6.145069912,-1.299895303,0.600000000
left,320,9.479513767,6.115389532,-1.299895303,0.600000000
left,321,9.509194147,6.085709152,-1.299895303,0.600000000
left,322,9.538874527,6.056028772,-1.299895303,0.600000000
left,323,9.568554907,6.026348392,-1.299895303,0.600000000
left,324,9.598235287,5.996668012,-1.299895303,0.600000000
left,325,9.627915667,5.966987632,-1.299895303,0.600000000
left,326,9.657596047,5.937307252,-1.299895303,0.600000000
left,327,9.687276427,5.907626872,-1.299895303,0.600000000
left,328,9.716956807,5.877946492,-1.299895303,0.600000000
left,329,9.746637187,5.848266112,-1.299895303,0.600000000
left,330,9.776317567,5.818585732,-1.299895303,0.600000000
left,331,9.805997947,5.788905352,-1.299895303,0.600000000
left,332,9.835678326,5.759224972,-1.299895303,0.600000000
left,333,9.865358706,5.729544592,-1.299895303,0.600000000
left,334,9.895039086,5.699864212,-1.299895303,0.600000000
left,335,9.924719466,5.670183832,-1.299895303,0.600000000
left,336,9.954399846,5.640503453,-1.299895303,0.600000000
left,337,9.984080226,5.610823073,-1.299895303,0.600000000
left,338,10.013760606,5.581142693,-1.299895303,0.600000000
left,339,10.043440986,5.551462313,-1.299895303,0.600000000
left,340,10.073121366,5.521781933,-1.299895303,0.600000000
left,341,10.102801746,5.492101553,-1.299895303,0.600000000
left,342,10.132482126,5.462421173,-1.299895303,0.600000000
left,343,10.162162506,5.432740793,-1.299895303,0.600000000
left,344,10.191842886,5.403060413,-1.299895303,0.600000000
left,345,10.221523266,5.373380033,-1.299895303,0.600000000
left,346,10.251203646,5.343699653,-1.299895303,0.600000000
left,347,10.280884026,5.314019273,-1.299895303,0.600000000
left,348,10.310564406,5.284338893,-1.299895303,0.600000000
left,349,10.340244786,5.254658513,-1.299895303,0.600000000
left,350,10.369925166,5.224978133,-1.299895303,0.600000000
left,351,10.399605546,5.195297753,-1.299895303,0.600000000
left,352,10.429285926,5.165617373,-1.299895303,0.600000000
left,353,10.458966306,5.135936993,-1.299895303,0.600000000
left,354,10.488646686,5.106256613,-1.299895303,0.600000000
left,355,10.518327066,5.076576233,-1.299895303,0.600000000
left,356,10.548007446,5.046895853,-1.299895303,0.600000000
left,357,10.577687826,5.017215473,-1.299895303,0.600000000
left,358,10.607368206,4.987535093,-1.299895303,0.600000000
left,359,10.637048586,4.957854713,-1.299895303,0.600000000
left,360,10.666728966,4.930990920,-1.299888692,0.600000000
left,361,10.696300317,4.909890784,-1.300067283,0.600000000
left,362,10.725871668,4.891613705,-1.300583160,0.600000000
left,363,10.755443019,4.873349563,-1.301442754,0.600000000
left,364,10.785014370,4.855104823,-1.302645758,0.600000000
left,365,10.814585721,4.836885941,-1.304191749,0.600000000
left,366,10.844157072,4.818699364,-1.306080178,0.600000000
left,367,10.873728423,4.800551527,-1.308310377,0.600000000
left,368,10.903299774,4.782448854,-1.310881558,0.600000000
left,369,10.932871125,4.764397749,-1.313792809,0.600000000
left,370,10.962442476,4.746404602,-1.317043102,0.600000000
left,371,10.992013827,4.728475779,-1.320631286,0.600000000
left,372,11.021585179,4.710617625,-1.324556090,0.600000000
left,373,11.051156530,4.692836459,-1.328816127,0.600000000
left,374,11.080727881,4.675138575,-1.333409888,0.600000000
left,375,11.110299232,4.657530234,-1.338335749,0.600000000
left,376,11.139870583,4.640017669,-1.343591965,0.600000000
left,377,11.169441934,4.622607075,-1.349176676,0.600000000
left,378,11.199013285,4.605304616,-1.355087907,0.600000000
left,379,11.228584636,4.588116413,-1.361323566,0.600000000
left,380,11.258155987,4.571048549,-1.367881446,0.600000000
left,381,11.287727338,4.554107065,-1.374759226,0.600000000
left,382,11.317298689,4.537297954,-1.381954472,0.600000000
left,383,11.346870041,4.520627167,-1.389464638,0.600000000
left,384,11.376441392,4.504100601,-1.397287067,0.600000000
left,385,11.406012743,4.487724106,-1.405418989,0.600000000
left,386,11.435584094,4.471503477,-1.413857529,0.600000000
left,387,11.465155445,4.455444454,-1.422599698,0.600000000
left,388,11.494726796,4.439552719,-1.431642405,0.600000000
left,389,11.524298147,4.423833897,-1.440982447,0.600000000
left,390,11.553869498,4.408293551,-1.450616521,0.600000000
left,391,11.583440849,4.392937179,-1.460541218,0.600000000
left,392,11.613012200,4.377770215,-1.470753024,0.600000000
left,393,11.642583551,4.362798028,-1.481248326,0.600000000
left,394,11.672154903,4.348025915,-1.492023410,0.600000000
left,395,11.701726254,4.333459105,-1.503074464,0.600000000
left,396,11.731297605,4.319102751,-1.514397576,0.600000000
left,397,11.760868956,4.304961934,-1.525988739,0.600000000
left,398,11.790440307,4.291041659,-1.537843851,0.600000000
left,399,11.820011658,4.277346851,-1.549958718,0.600000000
left,400,11.849583009,4.263882357,-1.562329052,0.600000000
left,401,11.879154360,4.250652941,-1.574950475,0.600000000
left,402,11.908725711,4.237663286,-1.587818521,0.600000000
left,403,11.938297062,4.224917988,-1.600928636,0.600000000
left,404,11.967868413,4.212421556,-1.614276182,0.600000000
left,405,11.997439765,4.200178414,-1.627856433,0.600000000
left,406,12.027011116,4.188192895,-1.641664586,0.600000000
left,407,12.056582467,4.176469238,-1.655695752,0.600000000
left,408,12.086153818,4.165011594,-1.669944968,0.600000000
left,409,12.115725169,4.153824016,-1.684407190,0.600000000
left,410,12.145296520,4.142910465,-1.699077301,0.600000000
left,411,12.174867871,4.132274801,-1.713950109,0.600000000
left,412,12.204439222,4.121920789,-1.729020350,0.600000000
left,413,12.234010573,4.111852092,-1.744282693,0.600000000
left,414,12.263581924,4.102072274,-1.759731736,0.600000000
left,415,12.293153275,4.092584796,-1.775362012,0.600000000
left,416,12.322724627,4.083393015,-1.791167989,0.600000000
left,417,12.352295978,4.074500184,-1.807144075,0.600000000
left,418,12.381867329,4.065909450,-1.823284615,0.600000000
left,419,12.411438680,4.057623852,-1.839583898,0.600000000
left,420,12.441010031,4.049646323,-1.856036156,0.600000000
left,421,12.470581382,4.041979687,-1.872635567,0.600000000
left,422,12.500152733,4.034626655,-1.889376256,0.600000000
left,423,12.529724084,4.027589831,-1.906252301,0.600000000
left,424,12.559295435,4.020871704,-1.923257727,0.600000000
left,425,12.588866786,4.014474652,-1.940386518,0.600000000
left,426,12.618438137,4.008400938,-1.957632612,0.600000000
left,427,12.648009489,4.002652713,-1.974989906,0.600000000
left,428,12.677580840,3.997232009,-1.992452258,0.600000000
left,429,12.707152191,3.992140746,-2.010013488,0.600000000
left,430,12.736723542,3.987380724,-2.027667381,0.600000000
left,431,12.766294893,3.982953629,-2.045407691,0.600000000
left,432,12.795866244,3.978861028,-2.063228139,0.600000000
left,433,12.825437595,3.975104368,-2.081122419,0.600000000
left,434,12.855008946,3.971684978,-2.099084199,0.600000000
left,435,12.884580297,3.968604070,-2.117107122,0.600000000
left,436,12.914151648,3.965862732,-2.135184811,0.600000000
left,437,12.943722999,3.963461936,-2.153310868,0.600000000
left,438,12.973294351,3.961402531,-2.171478878,0.600000000
left,439,13.002865702,3.959685245,-2.189682413,0.600000000
left,440,13.032437053,3.958310687,-2.207915031,0.600000000
left,441,13.062008404,3.957279342,-2.226170279,0.600000000
left,442,13.091579755,3.956591576,-2.244441698,0.600000000
left,443,13.121151106,3.956247632,-2.262722821,0.600000000
left,444,13.150722457,3.956247632,-2.281007179,0.600000000
left,445,13.180293808,3.956591576,-2.299288302,0.600000000
left,446,13.209865159,3.957279342,-2.317559721,0.600000000
left,447,13.239436510,3.958310687,-2.335814969,0.600000000
left,448,13.269007861,3.959685245,-2.354047587,0.600000000
left,449,13.298579213,3.961402531,-2.372251122,0.600000000
left,450,13.328150564,3.963461936,-2.390419132,0.600000000
left,451,13.357721915,3.965862732,-2.408545189,0.600000000
left,452,13.387293266,3.968604070,-2.426622878,0.600000000
left,453,13.416864617,3.971684978,-2.444645801,0.600000000
left,454,13.446435968,3.975104368,-2.462607581,0.600000000
left,455,13.476007319,3.978861028,-2.480501861,0.600000000
left,456,13.505578670,3.982953629,-2.498322309,0.600000000
left,457,13.535150021,3.987380724,-2.516062619,0.600000000
left,458,13.564721372,3.992140746,-2.533716512,0.600000000
left,459,13.594292723,3.997232009,-2.551277742,0.600000000
left,460,13.623864075,4.002652713,-2.568740094,0.600000000
left,461,13.653435426,4.008400938,-2.586097388,0.600000000
left,462,13.683006777,4.014474652,-2.603343482,0.600000000
left,463,13.712578128,4.020871704,-2.620472273,0.600000000
left,464,13.742149479,4.027589831,-2.637477699,0.600000000
left,465,13.771720830,4.034626655,-2.654353744,0.600000000
left,466,13.801292181,4.041979687,-2.671094433,0.600000000
left,467,13.830863532,4.049646323,-2.687693844,0.600000000
left,468,13.860434883,4.057623852,-2.704146102,0.600000000
left,469,13.890006234,4.065909450,-2.720445385,0.600000000
left,470,13.919577585,4.074500184,-2.736585925,0.600000000
left,471,13.949148937,4.083393015,-2.752562011,0.600000000
left,472,13.978720288,4.092584796,-2.768367988,0.600000000
left,473,14.008291639,4.102072274,-2.783998264,0.600000000
left,474,14.037862990,4.111852092,-2.799447307,0.600000000
left,475,14.067434341,4.121920789,-2.814709650,0.600000000
left,476,14.097005692,4.132274801,-2.829779891,0.600000000
left,477,14.126577043,4.142910465,-2.844652699,0.600000000
left,478,14.156148394,4.153824016,-2.859322810,0.600000000
left,479,14.185719745,4.165011594,-2.873785032,0.600000000
left,480,14.215291096,4.176469238,-2.888034248,0.600000000
left,481,14.244862447,4.188192895,-2.902065414,0.600000000
left,482,14.274433799,4.200178414,-2.915873567,0.600000000
left,483,14.304005150,4.212421556,-2.929453818,0.600000000
left,484,14.333576501,4.224917988,-2.942801364,0.600000000
left,485,14.363147852,4.237663286,-2.955911479,0.600000000
left,486,14.392719203,4.250652941,-2.968779525,0.600000000
left,487,14.422290554,4.263882357,-2.981400948,0.600000000
left,488,14.451861905,4.277346851,-2.993771282,0.600000000
left,489,14.481433256,4.291041659,-3.005886149,0.600000000
left,490,14.511004607,4.304961934,-3.017741261,0.600000000
left,491,14.540575958,4.319102751,-3.029332424,0.600000000
left,492,14.570147309,4.333459105,-3.040655536,0.600000000
left,493,14.599718661,4.348025915,-3.051706590,0.600000000
left,494,14.629290012,4.362798028,-3.062481674,0.600000000
left,495,14.658861363,4.377770215,-3.072976976,0.600000000
left,496,14.688432714,4.392937179,-3.083188782,0.600000000
left,497,14.718004065,4.408293551,-3.093113479,0.600000000
left,498,14.747575416,4.423833897,-3.102747553,0.600000000
left,499,14.777146767,4.439552719,-3.112087595,0.600000000
left,500,14.806718118,4.455444454,-3.121130302,0.600000000
left,501,14.836289469,4.471503477,-3.129872471,0.600000000
left,502,14.865860820,4.487724106,-3.138311011,0.600000000
left,503,14.895432171,4.504100601,-3.146442933,0.600000000
left,504,14.925003523,4.520627167,-3.154265362,0.600000000
left,505,14.954574874,4.537297954,-3.161775528,0.600000000
left,506,14.984146225,4.554107065,-3.168970774,0.600000000
left,507,15.013717576,4.571048549,-3.175848554,0.600000000
left,508,15.043288927,4.588116413,-3.182406434,0.600000000
left,509,15.072860278,4.605304616,-3.188642093,0.600000000
left,510,15.102431629,4.622607075,-3.194553324,0.600000000
left,511,15.132002980,4.640017669,-3.200138035,0.600000000
left,512,15.161574331,4.657530234,-3.205394251,0.600000000
left,513,15.191145682,4.675138575,-3.210320112,0.600000000
left,514,15.220717033,4.692836459,-3.214913873,0.600000000
left,515,15.250288385,4.710617625,-3.219173910,0.600000000
left,516,15.279859736,4.728475779,-3.223098714,0.600000000
left,517,15.309431087,4.746404602,-3.226686898,0.600000000
left,518,15.339002438,4.764397749,-3.229937191,0.600000000
left,519,15.368573789,4.782448854,-3.232848442,0.600000000
left,520,15.398145140,4.800551527,-3.235419623,0.600000000
left,521,15.427716491,4.818699364,-3.237649822,0.600000000
left,522,15.457287842,4.836885941,-3.239538251,0.600000000
left,523,15.486859193,4.855104823,-3.241084242,0.600000000
left,524,15.516430544,4.873349563,-3.242287246,0.600000000
left,525,15.546001895,4.891613705,-3.243146840,0.600000000
left,526,15.575573247,4.909890784,-3.243662717,0.600000000
left,527,15.605144598,4.930990920,-3.243841308,0.600000000
left,528,15.634824978,4.957854713,-3.243834697,0.600000000
left,529,15.664505358,4.987535093,-3.243834697,0.600000000
left,530,15.694185738,5.017215473,-3.243834697,0.600000000
left,531,15.723866118,5.046895853,-3.243834697,0.600000000
left,532,15.753546497,5.076576233,-3.243834697,0.600000000
left,533,15.783226877,5.106256613,-3.243834697,0.600000000
left,534,15.812907257,5.135936993,-3.243834697,0.600000000
left,535,15.842587637,5.165617373,-3.243834697,0.600000000
left,536,15.872268017,5.195297753,-3.243834697,0.600000000
left,537,15.901948397,5.224978133,-3.243834697,0.600000000
left,538,15.931628777,5.254658513,-3.243834697,0.600000000
left,539,15.961309157,5.284338893,-3.243834697,0.600000000
left,540,15.990989537,5.314019273,-3.243834697,0.600000000
left,541,16.020669917,5.343699653,-3.243834697,0.600000000
left,542,16.050350297,5.373380033,-3.243834697,0.600000000
left,543,16.080030677,5.403060413,-3.243834697,0.600000000
left,544,16.109711057,5.432740793,-3.243834697,0.600000000
left,545,16.139391437,5.462421173,-3.243834697,0.600000000
left,546,16.169071817,5.492101553,-3.243834697,0.600000000
left,547,16.198752197,5.521781933,-3.243834697,0.600000000
left,548,16.228432577,5.551462313,-3.243834697,0.600000000
left,549,16.258112957,5.581142693,-3.243834697,0.600000000
left,550,16.287793337,5.610823073,-3.243834697,0.600000000
left,551,16.317473717,5.640503453,-3.243834697,0.600000000
left,552,16.347154097,5.670183832,-3.243834697,0.600000000
left,553,16.376834477,5.699864212,-3.243834697,0.600000000
left,554,16.406514857,5.729544592,-3.243834697,0.600000000
left,555,16.436195237,5.759224972,-3.243834697,0.600000000
left,556,16.465875617,5.788905352,-3.243834697,0.600000000
left,557,16.495555997,5.818585732,-3.243834697,0.600000000
left,558,16.525236377,5.848266112,-3.243834697,0.600000000
left,559,16.554916757,5.877946492,-3.243834697,0.600000000
left,560,16.584597137,5.907626872,-3.243834697,0.600000000
left,561,16.614277516,5.937307252,-3.243834697,0.600000000
left,562,16.643957896,5.966987632,-3.243834697,0.600000000
left,563,16.673638276,5.996668012,-3.243834697,0.600000000
left,564,16.703318656,6.026348392,-3.243834697,0.600000000
left,565,16.732999036,6.056028772,-3.243834697,0.600000000
left,566,16.762679416,6.085709152,-3.243834697,0.600000000
left,567,16.792359796,6.115389532,-3.243834697,0.600000000
left,568,16.822040176,6.145069912,-3.243834697,0.600000000
left,569,16.851720556,6.174750292,-3.243834697,0.600000000
left,570,16.881400936,6.204430672,-3.243834697,0.600000000
left,571,16.911081316,6.234111052,-3.243834697,0.600000000
left,572,16.940761696,6.263791432,-3.243834697,0.600000000
left,573,16.970442076,6.293471812,-3.243834697,0.600000000
left,574,17.000122456,6.323152192,-3.243834697,0.600000000
left,575,17.029802836,6.352832572,-3.243834697,0.600000000
left,576,17.059483216,6.382512952,-3.243834697,0.600000000
left,577,17.089163596,6.412193332,-3.243834697,0.600000000
left,578,17.118843976,6.441873712,-3.243834697,0.600000000
left,579,17.148524356,6.471554092,-3.243834697,0.600000000
left,580,17.178204736,6.501234472,-3.243834697,0.600000000
left,581,17.207885116,6.530914851,-3.243834697,0.600000000
left,582,17.237565496,6.560595231,-3.243834697,0.600000000
left,583,17.267245876,6.590275611,-3.243834697,0.600000000
left,584,17.296926256,6.619955991,-3.243834697,0.600000000
left,585,17.326606636,6.649636371,-3.243834697,0.600000000
left,586,17.356287016,6.679316751,-3.243834697,0.600000000
left,587,17.385967396,6.708997131,-3.243834697,0.600000000
left,588,17.415647776,6.738677511,-3.243834697,0.600000000
left,589,17.445328156,6.768357891,-3.243834697,0.600000000
left,590,17.475008535,6.798038271,-3.243834697,0.600000000
left,591,17.504688915,6.827718651,-3.243834697,0.600000000
left,592,17.534369295,6.857399031,-3.243834697,0.600000000
left,593,17.564049675,6.887079411,-3.243834697,0.600000000
left,594,17.593730055,6.916759791,-3.243834697,0.600000000
left,595,17.623410435,6.946440171,-3.243834697,0.600000000
left,596,17.653090815,6.976120551,-3.243834697,0.600000000
left,597,17.682771195,7.005800931,-3.243834697,0.600000000
left,598,17.712451575,7.035481311,-3.243834697,0.600000000
left,599,17.742131955,7.065161691,-3.243834697,0.600000000
left,600,17.771812335,7.094842071,-3.243834697,0.600000000
left,601,17.801492715,7.124522451,-3.243834697,0.600000000
left,602,17.831173095,7.154202831,-3.243834697,0.600000000
left,603,17.860853475,7.183883211,-3.243834697,0.600000000
left,604,17.890533855,7.213563591,-3.243834697,0.600000000
left,605,17.920214235,7.243243971,-3.243834697,0.600000000
left,606,17.949894615,7.272924351,-3.243834697,0.600000000
left,607,17.979574995,7.302604731,-3.243834697,0.600000000
left,608,18.009255375,7.332285111,-3.243834697,0.600000000
left,609,18.038935755,7.361965491,-3.243834697,0.600000000
left,610,18.068616135,7.391645870,-3.243834697,0.600000000
left,611,18.098296515,7.421326250,-3.243834697,0.600000000
left,612,18.127976895,7.451006630,-3.243834697,0.600000000
left,613,18.157657275,7.480687010,-3.243834697,0.600000000
left,614,18.187337655,7.510367390,-3.243834697,0.600000000
left,615,18.217018035,7.540047770,-3.243834697,0.600000000
left,616,18.246698415,7.569728150,-3.243834697,0.600000000
left,617,18.276378795,7.599408530,-3.243834697,0.600000000
left,618,18.306059175,7.629088910,-3.243834697,0.600000000
left,619,18.335739554,7.658769290,-3.243834697,0.600000000
left,620,18.365419934,7.688449670,-3.243834697,0.600000000
left,621,18.395100314,7.718130050,-3.243834697,0.600000000
left,622,18.424780694,7.747810430,-3.243834697,0.600000000
left,623,18.454461074,7.777490810,-3.243834697,0.600000000
left,624,18.484141454,7.807171190,-3.243834697,0.600000000
left,625,18.513821834,7.836851570,-3.243834697,0.600000000
left,626,18.543502214,7.866531950,-3.243834697,0.600000000
left,627,18.573182594,7.896212330,-3.243834697,0.600000000
left,628,18.602862974,7.925892710,-3.243834697,0.600000000
left,629,18.632543354,7.955573090,-3.243834697,0.600000000
left,630,18.662223734,7.985253470,-3.243834697,0.600000000
left,631,18.691904114,8.014933850,-3.243834697,0.600000000
left,632,18.721584494,8.044614230,-3.243834697,0.600000000
left,633,18.751264874,8.074294610,-3.243834697,0.600000000
left,634,18.780945254,8.103974990,-3.243834697,0.600000000
left,635,18.810625634,8.133655370,-3.243834697,0.600000000
left,636,18.840306014,8.163335750,-3.243834697,0.600000000
left,637,18.869986394,8.193016130,-3.243834697,0.600000000
left,638,18.899666774,8.222696509,-3.243834697,0.600000000
left,639,18.929347154,8.252376889,-3.243834697,0.600000000
left,640,18.959027534,8.282057269,-3.243834697,0.600000000
left,641,18.988707914,8.311737649,-3.243834697,0.600000000
left,642,19.018388294,8.341418029,-3.243834697,0.600000000
left,643,19.048068674,8.371098409,-3.243834697,0.600000000
left,644,19.077749054,8.400778789,-3.243834697,0.600000000
left,645,19.107429434,8.430459169,-3.243834697,0.600000000
left,646,19.137109814,8.460139549,-3.243834697,0.600000000
left,647,19.166790194,8.489819929,-3.243834697,0.600000000
left,648,19.196470573,8.519500309,-3.243834697,0.600000000
left,649,19.226150953,8.549180689,-3.243834697,0.600000000
left,650,19.255831333,8.578861069,-3.243834697,0.600000000
left,651,19.285511713,8.608541449,-3.243834697,0.600000000
left,652,19.315192093,8.638221829,-3.243834697,0.600000000
left,653,19.344872473,8.667902209,-3.243834697,0.600000000
left,654,19.374552853,8.697582589,-3.243834697,0.600000000
left,655,19.404233233,8.727262969,-3.243834697,0.600000000
left,656,19.433913613,8.756943349,-3.243834697,0.600000000
left,657,19.463593993,8.786623729,-3.243834697,0.600000000
left,658,19.493274373,8.816304109,-3.243834697,0.600000000
left,659,19.522954753,8.845984489,-3.243834697,0.600000000
left,660,19.552635133,8.875664869,-3.243834697,0.600000000
left,661,19.582315513,8.905345249,-3.243834697,0.600000000
left,662,19.611995893,8.935025629,-3.243834697,0.600000000
left,663,19.641676273,8.964706009,-3.243834697,0.600000000
left,664,19.671356653,8.994386389,-3.243834697,0.600000000
left,665,19.701037033,9.024066769,-3.243834697,0.600000000
left,666,19.730717413,9.053747149,-3.243834697,0.600000000
left,667,19.760397793,9.083427528,-3.243834697,0.600000000
left,668,19.790078173,9.113107908,-3.243834697,0.600000000
left,669,19.819758553,9.142788288,-3.243834697,0.600000000
left,670,19.849438933,9.172468668,-3.243834697,0.600000000
left,671,19.879119313,9.202149048,-3.243834697,0.600000000
left,672,19.908799693,9.231829428,-3.243834697,0.600000000
left,673,19.938480073,9.261509808,-3.243834697,0.600000000
left,674,19.968160453,9.291190188,-3.243834697,0.600000000
left,675,19.997840833,9.320870568,-3.243834697,0.600000000
left,676,20.027521213,9.350550948,-3.243834697,0.600000000
left,677,20.057201592,9.380231328,-3.243834697,0.600000000
left,678,20.086881972,9.409911708,-3.243834697,0.600000000
left,679,20.116562352,9.439592088,-3.243834697,0.600000000
left,680,20.146242732,9.469272468,-3.243834697,0.600000000
left,681,20.175923112,9.498952848,-3.243834697,0.600000000
left,682,20.205603492,9.528633228,-3.243834697,0.600000000
left,683,20.235283872,9.558313608,-3.243834697,0.600000000
left,684,20.264964252,9.587993988,-3.243834697,0.600000000
left,685,20.294644632,9.617674368,-3.243834697,0.600000000
left,686,20.324325012,9.647354748,-3.243834697,0.600000000
left,687,20.354005392,9.677035128,-3.243834697,0.600000000
left,688,20.383685772,9.706715508,-3.243834697,0.600000000
left,689,20.413366152,9.736395888,-3.243834697,0.600000000
left,690,20.443046532,9.766076268,-3.243834697,0.600000000
left,691,20.472726912,9.795756648,-3.243834697,0.600000000
left,692,20.502407292,9.825437028,-3.243834697,0.600000000
left,693,20.532087672,9.855117408,-3.243834697,0.600000000
left,694,20.561768052,9.884797788,-3.243834697,0.600000000
left,695,20.591448432,9.914478168,-3.243834697,0.600000000
left,696,20.621128812,9.944158547,-3.243834697,0.600000000
left,697,20.650809192,9.973838927,-3.243834697,0.600000000
left,698,20.680489572,10.003519307,-3.243834697,0.600000000
left,699,20.710169952,10.033199687,-3.243834697,0.600000000
left,700,20.739850332,10.062880067,-3.243834697,0.600000000
left,701,20.769530712,10.092560447,-3.243834697,0.600000000
left,702,20.799211092,10.122240827,-3.243834697,0.600000000
left,703,20.828891472,10.151921207,-3.243834697,0.600000000
left,704,20.858571852,10.181601587,-3.243834697,0.600000000
left,705,20.888252232,10.211281967,-3.243834697,0.600000000
left,706,20.917932611,10.240962347,-3.243834697,0.600000000
left,707,20.947612991,10.270642727,-3.243834697,0.600000000
left,708,20.977293371,10.300323107,-3.243834697,0.600000000
left,709,21.006973751,10.330003487,-3.243834697,0.600000000
left,710,21.036654131,10.359683867,-3.243834697,0.600000000
left,711,21.066334511,10.389364247,-3.243834697,0.600000000
left,712,21.096014891,10.419044627,-3.243834697,0.600000000
left,713,21.125695271,10.448725007,-3.243834697,0.600000000
left,714,21.155375651,10.478405387,-3.243834697,0.600000000
left,715,21.185056031,10.508085767,-3.243834697,0.600000000
left,716,21.214736411,10.537766147,-3.243834697,0.600000000
left,717,21.244416791,10.567446527,-3.243834697,0.600000000
left,718,21.274097171,10.597126907,-3.243834697,0.600000000
left,719,21.303777551,10.626807287,-3.243834697,0.600000000
