s_m,x_m,y_m,psi_rad,kappa_radpm,vx_mps,ax_mps2,speed_limit_mps,speed_zone,w_tr_right_m,w_tr_left_m
0.000000000,0.106211745,0.171355458,0.024190847,0.018081571,5.359319360,-1.500000000,6.000000000,straight_acceleration,0.657419885,0.632075260
0.274249113,0.380363297,0.178668884,0.025534480,-0.008282814,5.282003092,-1.500000000,6.000000000,straight_acceleration,0.632269707,0.649199816
0.548498225,0.654530460,0.185359535,0.020793409,-0.026292476,5.203538154,-1.500000000,6.000000000,straight_acceleration,0.604844796,0.621774905
0.822747338,0.928738251,0.190073112,0.012886596,-0.031369955,5.123871777,-1.500000000,6.000000000,straight_acceleration,0.577419885,0.594349993
1.096996451,1.202976480,0.192427528,0.004844044,-0.027282427,5.042947020,-1.500000000,6.000000000,straight_acceleration,0.577419885,0.566925082
1.371245564,1.477224924,0.192730026,-0.001908174,-0.021959657,4.960702300,-1.500000000,6.000000000,straight_acceleration,0.554844796,0.539500171
1.645494676,1.751470362,0.191380905,-0.007587818,-0.019460283,4.877070839,-1.500000000,6.000000000,straight_acceleration,0.527419885,0.512075260
1.919743789,2.025704764,0.188568181,-0.012495374,-0.016328974,4.791980033,-1.500000000,6.000000000,straight_acceleration,0.527419885,0.539500171
2.193992902,2.299923947,0.184527415,-0.016070630,-0.009744181,4.705350709,-1.500000000,6.000000000,straight_acceleration,0.554844796,0.566925082
2.468242015,2.574131488,0.179753859,-0.017451008,-0.000322439,4.617096269,-1.500000000,6.000000000,straight_acceleration,0.567419885,0.572075260
2.742491127,2.848338611,0.174956055,-0.016156712,0.009761297,4.527121670,-1.500000000,6.000000000,straight_acceleration,0.562419885,0.577075260
3.016740240,3.122557415,0.170892328,-0.011727729,0.022537943,4.435322230,-1.500000000,6.000000000,straight_acceleration,0.557419885,0.582075260
3.290989353,3.396795464,0.168523607,-0.003050253,0.040745342,4.341582193,-1.500000000,6.000000000,straight_acceleration,0.534844796,0.582075260
3.565238465,3.671041547,0.169219308,0.010276881,0.056449284,4.245773028,-1.500000000,6.000000000,straight_acceleration,0.507419885,0.582075260
3.839487578,3.945243038,0.174160135,0.025844202,0.057084191,4.147751351,-1.500000000,6.000000000,straight_acceleration,0.512419885,0.577075260
4.113736691,4.219334601,0.183392660,0.038557173,0.035631241,4.047356412,-1.500000000,6.000000000,straight_acceleration,0.522419885,0.567075260
4.387985804,4.493324621,0.195303090,0.043997353,0.004043022,3.944407001,-1.500000000,6.000000000,straight_acceleration,0.524844796,0.557075260
4.662234916,4.767301523,0.207517323,0.042237803,-0.016874882,3.838697598,-1.500000000,6.000000000,straight_acceleration,0.497419885,0.547075260
4.936484029,5.041331718,0.218463480,0.037165004,-0.020119436,3.729993554,-1.500000000,6.000000000,straight_acceleration,0.507419885,0.532075260
5.210733142,5.315418274,0.227897468,0.032514623,-0.013794322,3.618024955,-1.500000000,6.000000000,straight_acceleration,0.517419885,0.522075260
5.484982255,5.589538689,0.236294508,0.028628262,-0.014547634,3.502478728,-1.500000000,6.000000000,straight_acceleration,0.519694618,0.517075260
5.759231367,5.863690182,0.243597829,0.022681486,-0.028820612,3.382988309,-1.500000000,6.000000000,straight_acceleration,0.492269707,0.507075260
6.033480480,6.137889990,0.248734063,0.012969596,-0.042006527,3.259119906,-1.500000000,6.000000000,straight_acceleration,0.464844796,0.502075260
6.307729593,6.412130358,0.250711276,0.002288450,-0.035889358,3.130353849,-1.500000000,6.000000000,straight_acceleration,0.437419885,0.502075260
6.581978705,6.686378032,0.249989253,-0.002966247,-0.002432191,2.996058725,-1.500000000,6.000000000,straight_acceleration,0.464844796,0.529500171
6.856227818,6.960625186,0.249084300,0.003662639,0.050777328,2.855454525,-1.500000000,6.000000000,straight_acceleration,0.492269707,0.529500171
7.130476931,7.234853323,0.251998129,0.024861965,0.103846380,2.707558533,-1.500000000,6.000000000,straight_acceleration,0.519694618,0.502075260
7.404726044,7.508879688,0.262717793,0.058545379,0.141870164,2.551102873,-1.500000000,6.000000000,straight_acceleration,0.502419885,0.529500171
7.678975156,7.782273518,0.284083718,0.103230943,0.184180842,2.384403181,-1.500000000,6.000000000,straight_acceleration,0.522419885,0.556925082
7.953224269,8.054224081,0.319215042,0.164684535,0.264467295,2.205137455,-1.500000000,6.000000000,straight_acceleration,0.512419885,0.584349993
8.227473382,8.322867631,0.373924875,0.264227819,0.463924419,2.009946232,-1.500000000,6.000000000,straight_acceleration,0.539844796,0.611774905
8.501722495,8.582203946,0.462061936,0.446717987,0.882531200,1.793637789,-1.500000000,3.500000000,standard,0.567269707,0.639199816
8.775971607,8.812737287,0.608579109,0.743541134,1.336457761,1.547381394,-0.155922315,3.500000000,standard,0.594694618,0.666624727
9.050220720,8.977582657,0.825653826,1.105245342,1.385961727,1.519495333,1.962584223,3.500000000,standard,0.622119530,0.664349993
9.324469833,9.053551058,1.087923543,1.416561734,0.945252167,1.839929355,2.400000000,3.500000000,standard,0.649544441,0.636925082
9.598718946,9.060925416,1.361725829,1.605502500,0.451052535,2.168348628,2.400000000,3.500000000,standard,0.676969352,0.609500171
9.872968058,9.034570160,1.634606573,1.706437123,0.287444577,2.453188030,2.400000000,3.500000000,standard,0.649844796,0.582075260
10.147217171,8.986831964,1.904619224,1.774241127,0.207661188,2.708233235,2.400000000,3.500000000,standard,0.622419885,0.609500171
10.421466284,8.923809679,2.171499775,1.824760710,0.161012061,2.941245143,0.636423218,3.500000000,standard,0.647419885,0.636925082
10.695715396,8.849070383,2.435351082,1.861812239,0.109295734,3.000000000,0.000000000,3.500000000,standard,0.632419885,0.664349993
10.969964509,8.766455331,2.696855711,1.881694623,0.035727119,3.000000000,0.000000000,3.500000000,standard,0.626969352,0.691774905
11.244213622,8.681280631,2.957542856,1.880225405,-0.046442984,3.000000000,0.000000000,3.500000000,standard,0.599544441,0.707075260
11.518462735,8.599434981,3.219287161,1.855480708,-0.134063962,3.000000000,0.000000000,3.500000000,standard,0.572119530,0.722075260
11.792711847,8.527268095,3.483842267,1.806208973,-0.225529109,3.000000000,0.000000000,3.500000000,standard,0.544694618,0.742075260
12.066960960,8.471583029,3.752314451,1.732606884,-0.312018500,3.000000000,-0.749198757,3.500000000,standard,0.517269707,0.722075260
12.341210073,8.439009485,4.024517626,1.638942560,-0.372566711,2.930710803,-0.706790539,3.500000000,standard,0.489844796,0.749500171
12.615459186,8.434298136,4.298597909,1.534632741,-0.390177646,2.863807335,0.808199097,3.500000000,standard,0.462419885,0.776925082
12.889708298,8.458803419,4.571623360,1.430649943,-0.370169509,2.940185066,0.647790199,3.500000000,standard,0.489844796,0.757075260
13.163957411,8.510786437,4.840794383,1.335417880,-0.325914143,3.000000000,0.000000000,3.500000000,standard,0.502419885,0.744500171
13.438206524,8.586549960,5.104291498,1.253859565,-0.269880457,3.000000000,0.000000000,3.500000000,standard,0.529844796,0.717075260
13.712455636,8.681574283,5.361499828,1.188490507,-0.207373485,3.000000000,0.000000000,3.500000000,standard,0.557269707,0.727075260
13.986704749,8.791062659,5.612917128,1.141091125,-0.138515698,3.000000000,0.000000000,3.500000000,standard,0.584694618,0.727075260
14.260953862,8.910024500,5.860011785,1.113636728,-0.061757816,3.000000000,0.000000000,3.500000000,standard,0.612119530,0.732075260
14.535202975,9.033157604,6.105063951,1.108459606,0.023997823,3.000000000,0.000000000,3.500000000,standard,0.639544441,0.744500171
14.809452087,9.154673622,6.350917783,1.127730644,0.116573740,3.000000000,0.000000000,3.500000000,standard,0.666969352,0.717075260
15.083701200,9.268263214,6.600512220,1.172164259,0.207671597,3.000000000,0.000000000,3.500000000,standard,0.694394263,0.731774905
15.357950313,9.367461863,6.856134994,1.239423593,0.283425779,3.000000000,0.000000000,3.500000000,standard,0.721819175,0.704349993
15.632199426,9.446533566,7.118650553,1.323582578,0.331415628,3.000000000,0.000000000,3.500000000,standard,0.749244086,0.676925082
15.906448538,9.501498084,7.387232096,1.416277081,0.346012141,3.000000000,0.000000000,3.500000000,standard,0.776668997,0.649500171
16.180697651,9.530824777,7.659808319,1.508794630,0.330120385,3.000000000,0.000000000,3.500000000,standard,0.787269707,0.622075260
16.454946764,9.535438067,7.933934568,1.594238591,0.294137621,3.000000000,0.000000000,3.500000000,standard,0.759844796,0.649500171
16.729195876,9.517981783,8.207564345,1.668341584,0.247029066,3.000000000,0.000000000,3.500000000,standard,0.732419885,0.676925082
17.003444989,9.482060224,8.479408936,1.728515403,0.192216354,3.000000000,-0.707443236,3.500000000,standard,0.709844796,0.704349993
17.277694102,9.431871323,8.749003387,1.773291039,0.134499200,2.934615587,-1.500000000,3.500000000,standard,0.682419885,0.731774905
17.551943215,9.371774980,9.016577158,1.803341820,0.084710262,2.790917645,-1.500000000,3.500000000,standard,0.697419885,0.759199816
17.826192327,9.305478647,9.282688595,1.824800178,0.071797713,2.639407881,-1.500000000,3.500000000,standard,0.717419885,0.786624727
18.100441440,9.233956774,9.547441006,1.851217394,0.120898344,2.478654197,-1.500000000,3.500000000,standard,0.742419885,0.814049639
18.374690553,9.153705164,9.809661074,1.902918738,0.256540219,2.306724797,-1.500000000,3.500000000,standard,0.769844796,0.841474550
18.648939666,9.055273491,10.065516712,2.009396142,0.523242638,2.120903569,-1.500000000,3.500000000,standard,0.764544441,0.846624727
18.923188778,8.921587076,10.304507312,2.198441539,0.870633491,1.917155344,-1.156457651,3.500000000,standard,0.737119530,0.819199816
19.197437891,8.736157140,10.505365182,2.457721806,1.052226734,1.743894963,0.972495857,3.500000000,standard,0.709694618,0.791774905
19.471687004,8.502014673,10.646493910,2.720215500,0.895209592,1.890656472,2.400000000,3.500000000,standard,0.682269707,0.764349993
19.745936116,8.240494731,10.727533643,2.918753429,0.569457706,2.211555479,2.400000000,3.500000000,standard,0.654844796,0.736925082
20.020185229,7.969269312,10.767215354,3.036939154,0.296684558,2.491460089,2.400000000,3.500000000,standard,0.627419885,0.709500171
20.294434342,7.695621249,10.784765654,3.099747040,0.161979228,2.742948982,1.582889437,3.500000000,standard,0.607419885,0.682075260
20.568683455,7.421437105,10.790153119,3.135453546,0.098522113,2.896891638,-1.500000000,3.500000000,standard,0.602419885,0.687075260
20.842932567,7.147201638,10.788132503,-3.120491304,0.100172463,2.751224060,-1.500000000,3.500000000,standard,0.602419885,0.687075260
21.117181680,6.873131732,10.778581418,-3.084087389,0.165420417,2.597399948,-1.500000000,3.500000000,standard,0.612419885,0.714500171
21.391430793,6.599802308,10.756619416,-3.024276434,0.271243096,2.433873282,-1.500000000,3.500000000,standard,0.639844796,0.741925082
21.665679906,6.328911752,10.714441061,-2.929693188,0.420369904,2.258537538,-1.500000000,3.500000000,standard,0.642419885,0.769349994
21.939929018,6.064770150,10.641518478,-2.781854699,0.664936104,2.068391760,-1.500000000,3.500000000,standard,0.669844796,0.796774905
22.214178131,5.818354429,10.522418557,-2.566421028,0.926060672,1.858896752,-0.541940409,3.500000000,standard,0.697269707,0.824199816
22.488427244,5.609290932,10.346236209,-2.304946367,1.013221341,1.777144840,0.949002672,3.500000000,standard,0.724694618,0.851624727
22.762676356,5.455392536,10.120208682,-2.050864800,0.869855942,1.918012008,2.400000000,3.500000000,standard,0.752119530,0.852075260
23.036925469,5.358300056,9.864208366,-1.850077383,0.610897094,2.234986757,2.400000000,3.500000000,standard,0.779544441,0.831925082
23.311174582,5.304894475,9.595415772,-1.713407833,0.391353576,2.512282139,2.400000000,3.500000000,standard,0.797419885,0.804500171
23.585423695,5.280494017,9.322331691,-1.628393061,0.230059750,2.761875683,2.400000000,3.500000000,standard,0.812419885,0.777075260
23.859672807,5.273341686,9.048199150,-1.580773669,0.117493799,2.990711124,0.101453329,3.500000000,standard,0.807419885,0.759500171
24.133921920,5.275022544,8.773960050,-1.557892414,0.049408329,3.000000000,0.000000000,3.500000000,standard,0.807419885,0.732075260
24.408171033,5.280419029,8.499764701,-1.548984458,0.015557012,3.000000000,0.000000000,3.500000000,standard,0.812419885,0.727075260
24.682420146,5.286985324,8.225594237,-1.546762812,0.000644749,3.000000000,0.000000000,3.500000000,standard,0.804844796,0.722075260
24.956669258,5.293600099,7.951424918,-1.547389617,-0.005215815,3.000000000,0.000000000,3.500000000,standard,0.777419885,0.712075260
25.230918371,5.299822686,7.677246448,-1.549134314,-0.007507644,3.000000000,0.000000000,3.500000000,standard,0.804844796,0.739500171
25.505167484,5.305480737,7.403055762,-1.551185283,-0.007449348,3.000000000,0.000000000,3.500000000,standard,0.832269707,0.752075260
25.779416596,5.310578612,7.128854070,-1.552645681,-0.003200819,3.000000000,0.000000000,3.500000000,standard,0.842419885,0.747075260
26.053665709,5.315435786,6.854647974,-1.552218749,0.006314290,3.000000000,0.000000000,3.500000000,standard,0.847419885,0.742075260
26.327914822,5.320767788,6.580450829,-1.548923759,0.017715002,3.000000000,0.000000000,3.500000000,standard,0.839844796,0.737075260
26.602163935,5.327431846,6.306283134,-1.543167232,0.024265638,3.000000000,-0.653784515,3.500000000,standard,0.812419885,0.732075260
26.876413047,5.335920260,6.032165928,-1.537374319,0.017980354,2.939625887,-1.500000000,3.500000000,standard,0.817419885,0.722075260
27.150662160,5.345760270,5.758093489,-1.535544314,-0.004634675,2.796185440,-1.500000000,3.500000000,standard,0.827419885,0.712075260
27.424911273,5.355251902,5.484009034,-1.541412277,-0.038159545,2.644977444,-1.500000000,3.500000000,standard,0.822119530,0.739500171
27.699160386,5.361874732,5.209842843,-1.559053467,-0.090508271,2.484584138,-1.500000000,3.500000000,standard,0.794694618,0.766925082
27.973409498,5.361692003,4.935607235,-1.594758763,-0.169993303,2.313095545,-1.500000000,3.500000000,standard,0.767269707,0.794349993
28.247658611,5.348737539,4.661706654,-1.661976622,-0.320998769,2.127830741,-1.500000000,3.500000000,standard,0.739844796,0.794500171
28.521907724,5.311816274,4.390122788,-1.796179841,-0.664378526,1.924815920,-1.500000000,3.500000000,standard,0.712419885,0.767075260
28.796156837,5.226844548,4.130070586,-2.035313745,-1.110274941,1.697695198,-0.899745478,3.500000000,standard,0.687419885,0.781324372
29.070405949,5.069710631,3.906962601,-2.362339904,-1.339663137,1.545529097,0.496912525,3.500000000,standard,0.697419885,0.753899461
29.344655062,4.844752504,3.752646144,-2.701169365,-1.202457902,1.631323336,1.662451080,3.500000000,standard,0.697419885,0.726474550
29.618904175,4.582045454,3.677127108,-2.982766450,-0.895589066,1.890255880,0.204473638,3.500000000,standard,0.672419885,0.699049639
29.893153287,4.308497418,3.666751313,3.062866666,-0.862794008,1.919692872,-1.500000000,3.500000000,standard,0.677419885,0.671624727
30.167402400,4.040237962,3.719869778,2.796366963,-1.117914325,1.691884565,-0.743862810,3.500000000,standard,0.682419885,0.644199816
30.441651513,3.800052312,3.849602105,2.472926047,-1.303745932,1.566673531,0.517603286,3.500000000,standard,0.702419885,0.616774905
30.715900626,3.618382192,4.053172176,2.142874435,-1.168578202,1.654802235,2.400000000,3.500000000,standard,0.697419885,0.589349993
30.990149738,3.507910573,4.303305735,1.889006852,-0.718506166,2.013644998,2.400000000,3.500000000,standard,0.724844796,0.561925082
31.264398851,3.447900889,4.570715980,1.741724417,-0.364195138,2.317576734,2.400000000,3.500000000,standard,0.707269707,0.534500171
31.538647964,3.414771268,4.842892104,1.665049974,-0.196093714,2.586031256,2.400000000,3.500000000,standard,0.679844796,0.507075260
31.812897077,3.396305384,5.116505227,1.626112168,-0.088040996,2.829125907,1.815952275,3.500000000,standard,0.652419885,0.534500171
32.087146189,3.384449204,5.390495293,1.609458183,-0.033426175,3.000000000,0.000000000,3.500000000,standard,0.662419885,0.561925082
32.361395302,3.375105041,5.664584937,1.602196268,-0.019533418,3.000000000,0.000000000,3.500000000,standard,0.689844796,0.567075260
32.635644415,3.367229306,5.938720445,1.595639711,-0.028281771,3.000000000,0.000000000,3.500000000,standard,0.717269707,0.594500171
32.909893527,3.361480027,6.212908397,1.586918838,-0.035317656,3.000000000,0.000000000,3.500000000,standard,0.737419885,0.602075260
33.184142640,3.358386657,6.487138911,1.577804122,-0.031154017,3.000000000,0.000000000,3.500000000,standard,0.714844796,0.602075260
33.458391753,3.357636342,6.761386501,1.571796925,-0.012654947,3.000000000,0.000000000,3.500000000,standard,0.687419885,0.602075260
33.732640866,3.357837832,7.035635532,1.571231113,0.008528648,3.000000000,0.000000000,3.500000000,standard,0.687419885,0.602075260
34.006889978,3.357397863,7.309884053,1.574880942,0.018088360,3.000000000,0.000000000,3.500000000,standard,0.692419885,0.597075260
34.281139091,3.355597443,7.584126988,1.578992078,0.011892807,3.000000000,0.000000000,3.500000000,standard,0.692419885,0.597075260
34.555388204,3.352902567,7.858362831,1.580564160,-0.000428136,3.000000000,-0.347186406,3.500000000,standard,0.692419885,0.597075260
34.829637317,3.350239890,8.132598996,1.580208053,-0.002168825,2.968091790,-1.500000000,3.500000000,standard,0.697419885,0.592075260
35.103886429,3.347740328,8.406836694,1.583011928,0.022616802,2.826096519,-1.500000000,3.500000000,standard,0.679844796,0.619500171
35.378135542,3.343539875,8.681051848,1.597204319,0.080895386,2.676578823,-1.500000000,3.500000000,standard,0.652419885,0.646925082
35.652384655,3.333258546,8.955095560,1.632561773,0.177081413,2.518199130,-1.500000000,3.500000000,standard,0.667419885,0.674349993
35.926633767,3.309696971,9.228281060,1.701935612,0.329679211,2.349165707,-1.500000000,3.500000000,standard,0.692419885,0.701774905
36.200882880,3.261634797,9.498126539,1.823459867,0.560723110,2.166986890,-1.500000000,3.500000000,standard,0.719844796,0.729199816
36.475131993,3.173121779,9.757271031,2.011751786,0.826214795,1.968015458,-0.992947149,3.500000000,standard,0.747269707,0.756624727
36.749381106,3.029475393,9.990043591,2.253332684,0.961406992,1.824405408,0.484971542,3.500000000,standard,0.774694618,0.784049639
37.023630218,2.830982109,10.178176940,2.503349214,0.890258620,1.895906412,1.362721113,3.500000000,standard,0.802119530,0.756774905
37.297879331,2.593187991,10.313689039,2.723706757,0.737002630,2.083725326,1.871614373,3.500000000,standard,0.802419885,0.729349993
37.572128444,2.333027195,10.399288453,2.904941177,0.596070954,2.316999870,2.353418764,3.500000000,standard,0.817419885,0.701925082
37.846377557,2.062322598,10.441718134,3.051736534,0.480528503,2.580568622,0.957128076,3.500000000,standard,0.794244086,0.674500171
38.120626669,1.788318052,10.448366060,-3.106496410,0.434366949,2.680357712,-1.500000000,3.500000000,standard,0.766819175,0.647075260
38.394875782,1.515447899,10.422517002,-2.987516932,0.436405361,2.522215321,-1.500000000,3.500000000,standard,0.739394263,0.627075260
38.669124895,1.247605511,10.364389817,-2.860202063,0.495952293,2.353470371,-1.500000000,3.500000000,standard,0.711969352,0.642075260
38.943374007,0.990139645,10.270671133,-2.705854076,0.636854157,2.171652700,-1.500000000,3.500000000,standard,0.684544441,0.667075260
39.217623120,0.752857287,10.134042456,-2.507881086,0.821918910,1.973151822,-0.781185857,3.500000000,standard,0.657119530,0.694500171
39.491872233,0.551767558,9.948548815,-2.271826010,0.923561156,1.861410502,0.702351409,3.500000000,standard,0.629694618,0.707075260
39.766121346,0.402695550,9.719183508,-2.034536579,0.831149929,1.962163999,2.400000000,3.500000000,standard,0.602269707,0.699500171
40.040370458,0.308486990,9.462100351,-1.839954022,0.602517043,2.272989947,2.400000000,3.500000000,standard,0.574844796,0.672075260
40.314619571,0.257501318,9.192834297,-1.703394432,0.398837552,2.546149846,2.400000000,3.500000000,standard,0.547419885,0.676925082
40.588868684,0.236116084,8.919511445,-1.610427782,0.280800007,2.792718171,2.189114135,3.500000000,standard,0.567419885,0.649500171
40.863117797,0.235790588,8.645305533,-1.551791800,0.147303373,3.000000000,0.000000000,3.500000000,standard,0.554844796,0.622075260
41.137366909,0.246536341,8.371273487,-1.522425811,0.066930506,3.000000000,0.000000000,3.500000000,standard,0.527419885,0.612075260
41.411616022,0.262309864,8.097480278,-1.509722115,0.025719514,3.000000000,0.000000000,3.500000000,standard,0.554844796,0.597075260
41.685865135,0.280014288,7.823803270,-1.507220504,-0.007475736,3.000000000,0.000000000,3.500000000,standard,0.582269707,0.577075260
41.960114247,0.297157567,7.550090737,-1.510417548,-0.015839233,3.000000000,0.000000000,3.500000000,standard,0.582419885,0.562075260
42.234363360,0.313111721,7.276306214,-1.513227321,-0.004651507,3.000000000,0.000000000,3.500000000,standard,0.597419885,0.547075260
42.508612473,0.328716610,7.002501442,-1.512194302,0.012184986,3.000000000,0.000000000,3.500000000,standard,0.612419885,0.527075260
42.782861586,0.345236371,6.728750618,-1.508012356,0.018312575,3.000000000,0.000000000,3.500000000,standard,0.627419885,0.554500171
43.057110698,0.363130749,6.455086108,-1.505171710,0.002403350,3.000000000,0.000000000,3.500000000,standard,0.639844796,0.547075260
43.331359811,0.381205503,6.181433399,-1.508818852,-0.029001212,3.000000000,-0.792854547,3.500000000,standard,0.612419885,0.527075260
43.605608924,0.397103139,5.907647197,-1.521103019,-0.060587851,2.926622744,-1.500000000,3.500000000,standard,0.619844796,0.512075260
43.879858037,0.408449685,5.633638259,-1.544040559,-0.106716800,2.782512057,-1.500000000,3.500000000,standard,0.592419885,0.497075260
44.154107149,0.411774717,5.359426083,-1.583287094,-0.179631163,2.630518202,-1.500000000,3.500000000,standard,0.592419885,0.497075260
44.428356262,0.401601468,5.085404405,-1.640199084,-0.235763574,2.469185832,-1.500000000,3.500000000,standard,0.619844796,0.507075260
44.702605375,0.373764491,4.812629682,-1.715130118,-0.311544915,2.296547699,-1.500000000,3.500000000,standard,0.647269707,0.534500171
44.976854488,0.322808671,4.543293708,-1.833003108,-0.552052351,2.109830324,-1.500000000,3.500000000,standard,0.674694618,0.561925082
45.251103600,0.232134243,4.284918439,-2.026626438,-0.875799472,1.904898070,-1.500000000,3.500000000,standard,0.702119530,0.589349993
45.525352713,0.083612816,4.055403734,-2.297855452,-1.140458384,1.675078900,0.163481908,3.500000000,standard,0.729544441,0.616774905
45.799601826,-0.126867602,3.881380202,-2.599092575,-1.105140720,1.701634173,2.400000000,3.500000000,standard,0.756969352,0.644199816
46.073850938,-0.379361489,3.776307485,-2.846761515,-0.732368619,2.052304704,2.400000000,3.500000000,standard,0.784394263,0.671624727
46.348100051,-0.648142864,3.723078404,-3.002899571,-0.415573614,2.351244424,1.768884998,3.500000000,standard,0.811819175,0.699049639
46.622349164,-0.921393083,3.700645692,-3.092272264,-0.237919219,2.549231379,-1.500000000,3.500000000,standard,0.792419885,0.697075260
46.896598277,-1.195570817,3.696057131,3.129797028,-0.208233663,2.382400740,-1.500000000,3.500000000,standard,0.797419885,0.692075260
47.170847389,-1.469550825,3.707111855,3.060157981,-0.300357334,2.202972071,-1.500000000,3.500000000,standard,0.824844796,0.707075260
47.445096502,-1.741607424,3.740621999,2.941439016,-0.569781085,2.007570324,-1.500000000,3.500000000,standard,0.852269707,0.734500171
47.719345615,-2.004858507,3.815709719,2.729551071,-0.997633343,1.790974949,-1.298283413,3.500000000,standard,0.879694618,0.741774905
47.993594728,-2.238178135,3.957653497,2.424283952,-1.282315800,1.579710455,0.619593292,3.500000000,standard,0.874544441,0.714349993
48.267843840,-2.410345594,4.169423213,2.101979598,-1.128616047,1.683844097,2.400000000,3.500000000,standard,0.847119530,0.686925082
48.542092953,-2.511828189,4.423434794,1.857266156,-0.688300478,2.037578632,2.400000000,3.500000000,standard,0.819694618,0.659500171
48.816342066,-2.564393606,4.692378089,1.707771809,-0.409903224,2.338401682,2.400000000,3.500000000,standard,0.792269707,0.632075260
49.090591178,-2.586565176,4.965641241,1.616443729,-0.257818727,2.604710764,2.400000000,3.500000000,standard,0.764844796,0.607075260
49.364840291,-2.589401057,5.239837052,1.553565274,-0.201233366,2.846210447,1.639177761,3.500000000,standard,0.737419885,0.602075260
49.639089404,-2.577119270,5.513777846,1.496805754,-0.213038404,3.000000000,-0.554207614,3.500000000,standard,0.727419885,0.617075260
49.913338517,-2.548877717,5.786519723,1.428607912,-0.284940601,2.948901169,-1.500000000,3.500000000,standard,0.732419885,0.644500171
50.187587629,-2.499471223,6.056185302,1.336912658,-0.385283763,2.805934919,-1.500000000,3.500000000,standard,0.759844796,0.671925082
50.461836742,-2.421994172,6.319098539,1.222223248,-0.453867012,2.655282175,1.617383096,3.500000000,standard,0.787269707,0.699349993
50.736085855,-2.312600614,6.570396343,1.107376779,-0.386371446,2.817384459,-1.500000000,3.500000000,standard,0.814694618,0.726774905
51.010334968,-2.177259400,6.808847282,1.042214987,-0.089988451,2.667378460,-1.500000000,3.500000000,standard,0.842119530,0.754199816
51.284584080,-2.036050551,7.043930504,1.075095166,0.330560967,2.508417930,-1.500000000,3.500000000,standard,0.869544441,0.781624727
51.558833193,-1.916743545,7.290629432,1.200056017,0.585071908,2.338677655,0.784281095,3.500000000,standard,0.896969352,0.809049639
51.833082306,-1.838148209,7.553049776,1.353789534,0.542410578,2.428907154,2.400000000,3.500000000,standard,0.924394263,0.836474550
52.107331418,-1.799074472,7.824327746,1.473489943,0.334244531,2.686258682,2.400000000,3.500000000,standard,0.951819175,0.863899461
52.381580531,-1.784936889,8.098165804,1.542526637,0.170093128,2.921024041,-1.135637891,3.500000000,standard,0.979244086,0.891324372
52.655829644,-1.783576630,8.372395772,1.585933064,0.146622599,2.812380856,-1.500000000,3.500000000,standard,0.961218465,0.918749284
52.930078757,-1.793236757,8.646450000,1.636676799,0.223726694,2.662092925,-1.500000000,3.500000000,standard,0.933793554,0.946174195
53.204327869,-1.819662341,8.919348275,1.720526727,0.389157728,2.502796716,-1.500000000,3.500000000,standard,0.906368642,0.961174195
53.478576982,-1.874900300,9.187771951,1.852344484,0.576882714,2.332647437,-1.500000000,3.500000000,standard,0.878943731,0.933749284
53.752826095,-1.971433147,9.444086901,2.025150670,0.692866140,2.149068804,0.289104288,3.500000000,standard,0.851518820,0.906324372
54.027075208,-2.114222177,9.677747050,2.210449648,0.669866688,2.185650913,1.807444784,3.500000000,standard,0.824093909,0.878899461
54.301324320,-2.297046413,9.881736138,2.377182171,0.554741725,2.401759807,2.388638680,3.500000000,standard,0.796668997,0.851474550
54.575573433,-2.508609793,10.055918071,2.514559408,0.452065883,2.660566528,1.593763990,3.500000000,standard,0.769244086,0.824049639
54.849822546,-2.740071476,10.202743512,2.631313801,0.402374464,2.820069320,-0.435108079,3.500000000,standard,0.741819175,0.796624727
55.124071658,-2.986262551,10.323272201,2.743019457,0.414822921,2.777433160,0.009516489,3.500000000,standard,0.714394264,0.769199816
55.398320771,-3.244497346,10.415163492,2.856386521,0.414542421,2.778372678,2.334821163,3.500000000,standard,0.686969352,0.741774905
55.672569884,-3.511489811,10.477268540,2.960588461,0.347455282,3.000000000,0.000000000,3.500000000,standard,0.659544441,0.714349993
55.946818997,-3.783222121,10.513753985,3.043636195,0.259308998,3.000000000,0.000000000,3.500000000,standard,0.632119530,0.686925082
56.221068109,-4.056896624,10.530866202,3.103664083,0.178900214,3.000000000,0.000000000,3.500000000,standard,0.604694618,0.659500171
56.495317222,-4.331103520,10.534544313,-3.139561583,0.112651721,3.000000000,0.000000000,3.500000000,standard,0.577269707,0.632075260
56.769566335,-4.605304650,10.529752345,-3.115502510,0.062836315,3.000000000,0.000000000,3.500000000,standard,0.549844796,0.627075260
57.043815448,-4.879386866,10.520236276,-3.102445972,0.032386182,3.000000000,0.000000000,3.500000000,standard,0.522419885,0.654500171
57.318064560,-5.153375127,10.508286238,-3.096363673,0.011970597,3.000000000,0.000000000,3.500000000,standard,0.532419885,0.669500171
57.592313673,-5.427323034,10.495436769,-3.094917014,-0.001420591,3.000000000,0.000000000,3.500000000,standard,0.539844796,0.642075260
57.866562786,-5.701275893,10.482694031,-3.096770591,-0.012096911,3.000000000,0.000000000,3.500000000,standard,0.512419885,0.669500171
58.140811898,-5.975269391,10.470860222,-3.100659629,-0.016264558,3.000000000,0.000000000,3.500000000,standard,0.522419885,0.651925082
58.415061011,-6.249312838,10.460248684,-3.106134449,-0.023661694,3.000000000,0.000000000,3.500000000,standard,0.519844796,0.624500171
58.689310124,-6.523418854,10.451415677,-3.113772738,-0.032042419,3.000000000,-1.407038254,3.500000000,standard,0.492419885,0.597075260
58.963559237,-6.797592079,10.444991666,-3.120387453,-0.016196990,2.868491244,-1.500000000,3.500000000,standard,0.497419885,0.624500171
59.237808349,-7.071791750,10.439785576,-3.121449546,0.008451447,2.721303856,-1.500000000,3.500000000,standard,0.502419885,0.651925082
59.512057462,-7.345978269,10.433943969,-3.116038395,0.031010757,2.565686524,-1.500000000,3.500000000,standard,0.507419885,0.649500171
59.786306575,-7.620104197,10.425770808,-3.105611528,0.045030892,2.400000000,-0.366058270,3.500000000,tight_bend_1_standard,0.517419885,0.622075260
60.060555688,-7.894107712,10.414213140,-3.091910969,0.054887344,2.357799332,-1.500000000,3.500000000,tight_bend_1_standard,0.527419885,0.649500171
60.334804800,-8.167904425,10.398532756,-3.071561954,0.093531416,2.176343344,-1.500000000,3.500000000,tight_bend_1_standard,0.544844796,0.651925082
60.609053913,-8.441198358,10.375837243,-3.031149451,0.201378393,1.978313173,-1.500000000,3.500000000,tight_bend_1_standard,0.517419885,0.624500171
60.883303026,-8.712765699,10.338110661,-2.939609433,0.468615655,1.758117082,-1.500000000,3.500000000,tight_bend_1_standard,0.544844796,0.597075260
61.157552139,-8.976978222,10.266122609,-2.745508310,0.966730213,1.506063855,-1.500000000,3.500000000,tight_bend_1_standard,0.572269707,0.612075260
61.431801251,-9.212958687,10.128937343,-2.422508880,1.458650501,1.202281580,-0.240024005,3.500000000,tight_bend_1_standard,0.599694618,0.634049639
61.706050364,-9.379640736,9.913612448,-2.026488447,1.541683182,1.146223476,0.487285955,3.500000000,tight_bend_1_standard,0.627119530,0.606624727
61.980299477,-9.447877323,9.649604322,-1.655316757,1.262489487,1.257419476,0.323380941,3.500000000,tight_bend_1_standard,0.654544441,0.579199816
62.254548589,-9.425072514,9.377368811,-1.329310565,1.182012929,1.326076020,-0.557267025,3.500000000,tight_bend_1_standard,0.651969352,0.551774905
62.528797702,-9.318924041,9.126025506,-0.982207253,1.428856393,1.205328850,0.068492321,3.500000000,tight_bend_1_standard,0.624544441,0.524349993
62.803046815,-9.127655893,8.931810266,-0.614654845,1.341334109,1.220813480,1.108706747,3.500000000,tight_bend_1_standard,0.597119530,0.496925082
63.077295928,-8.880124681,8.816290112,-0.312910213,0.915171764,1.448623221,1.527316276,3.500000000,tight_bend_1_standard,0.569694618,0.469500171
63.351545040,-8.611147342,8.764699431,-0.124362935,0.476894911,1.713545886,1.527316270,3.500000000,tight_bend_1_standard,0.542269707,0.442075260
63.625794153,-8.337483419,8.748455577,-0.023061621,0.264498692,1.942670782,1.527316273,3.500000000,tight_bend_1_standard,0.514844796,0.469500171
63.900043266,-8.063287308,8.752062651,0.030875374,0.129270174,2.147486911,1.527316272,3.500000000,tight_bend_1_standard,0.487419885,0.496925082
64.174292379,-7.789368590,8.765384207,0.056678735,0.058955469,2.334401486,0.566218244,3.500000000,tight_bend_1_standard,0.514844796,0.499500171
64.448541491,-7.515695280,8.783132752,0.066380499,0.011800663,2.400000000,0.000000000,3.500000000,tight_bend_1_standard,0.542269707,0.472075260
64.722790604,-7.242079983,8.801766952,0.066367177,-0.011897787,2.400000000,2.400000000,3.500000000,tight_bend_1_standard,0.534844796,0.499500171
64.997039717,-6.968405570,8.819508247,0.062669689,-0.015066745,2.660149571,0.600000000,3.500000000,standard,0.507419885,0.506925082
65.271288829,-6.694660019,8.836118575,0.060068071,-0.003905986,2.721303856,-1.500000000,3.500000000,standard,0.534844796,0.479500171
65.545537942,-6.420896750,8.852435658,0.059765587,0.001700077,2.565686524,-1.500000000,3.500000000,standard,0.562269707,0.452075260
65.819787055,-6.147141117,8.868880380,0.058909538,-0.007942951,2.400000000,0.000000000,3.500000000,tight_bend_2_standard,0.549544441,0.479500171
66.094036168,-5.873350645,8.884728711,0.048953545,-0.064670072,2.400000000,-1.396612020,3.500000000,tight_bend_2_standard,0.522119530,0.484500171
66.368285280,-5.599335871,8.895718832,0.012454433,-0.201685630,2.234717160,-1.500000000,3.500000000,tight_bend_2_standard,0.494694618,0.457075260
66.642534393,-5.325183912,8.891556170,-0.061420985,-0.337962321,2.042354878,-1.500000000,3.500000000,tight_bend_2_standard,0.467269707,0.462075260
66.916783506,-5.052652643,8.862098721,-0.177985809,-0.515634815,1.829881447,-1.500000000,3.500000000,tight_bend_2_standard,0.439844796,0.489500171
67.191032619,-4.787194064,8.794777498,-0.367510501,-0.882458550,1.589251009,-1.500000000,3.500000000,tight_bend_2_standard,0.412419885,0.516925082
67.465281731,-4.545696244,8.666919542,-0.656216786,-1.272160405,1.304979476,-0.567043128,3.500000000,tight_bend_2_standard,0.439844796,0.544349993
67.739530844,-4.360870781,8.466482717,-1.024052037,-1.504015949,1.179809003,-0.176887888,3.500000000,tight_bend_2_standard,0.467269707,0.571774905
68.013779957,-4.267901449,8.210496597,-1.431678183,-1.595150500,1.137948413,-0.055552820,3.500000000,tight_bend_2_standard,0.494694618,0.599199816
68.288029069,-4.287006759,7.938967858,-1.852627024,-1.613614378,1.124480310,0.153847981,3.500000000,tight_bend_2_standard,0.487269707,0.586774905
68.562278182,-4.415959569,7.699135727,-2.258558672,-1.470963639,1.161396277,0.668032395,3.500000000,tight_bend_2_standard,0.459844796,0.559349993
68.836527295,-4.626570960,7.525662114,-2.600999198,-1.104879600,1.309677783,1.527316274,3.500000000,tight_bend_2_standard,0.432419885,0.531925082
69.110776408,-4.879382161,7.420972525,-2.839511611,-0.665181159,1.597806672,1.527316270,3.500000000,tight_bend_2_standard,0.459844796,0.504500171
69.385025520,-5.147303580,7.363392510,-2.982668684,-0.385829236,1.841389808,1.527316273,3.500000000,tight_bend_2_standard,0.487269707,0.477075260
69.659274633,-5.419934650,7.334335151,-3.066982606,-0.230444089,2.056318723,1.527316273,3.500000000,tight_bend_2_standard,0.514694618,0.482075260
69.933523746,-5.693904064,7.322534780,-3.115227598,-0.121672937,2.250816953,2.400000000,3.500000000,tight_bend_2_standard,0.542119530,0.472075260
70.207772859,-5.968135636,7.319878452,-3.135860748,-0.028837200,2.526375407,2.400000000,6.000000000,round_arc_transition,0.522419885,0.467075260
70.482021971,-6.242384063,7.319390910,-3.132623107,0.052450891,2.774701504,2.400000000,4.000000000,dynamic_arc_transition,0.549844796,0.494500171
70.756271084,-6.516590296,7.314958930,-3.108226243,0.125510009,3.002559605,2.400000000,4.000000000,dynamic_arc_transition,0.569844796,0.512075260
71.030520197,-6.790466769,7.301096567,-3.064629525,0.192601481,3.214305511,0.671206113,4.000000000,dynamic_arc_transition,0.542419885,0.502075260
71.304769309,-7.063209335,7.272806158,-3.003422481,0.254206963,3.271072497,-1.500000000,4.000000000,dynamic_arc_transition,0.569844796,0.529500171
71.579018422,-7.333297645,7.225612564,-2.926333274,0.308840242,3.142796198,-1.500000000,4.000000000,dynamic_arc_transition,0.597269707,0.556925082
71.853267535,-7.598410290,7.155786087,-2.835710140,0.353418528,3.009056431,-1.330915746,4.000000000,dynamic_arc_transition,0.624694618,0.584349993
72.127516648,-7.855521249,7.060697755,-2.734793513,0.384411366,2.885206350,-0.575390037,4.000000000,dynamic_arc_transition,0.652119530,0.611774905
72.401765760,-8.101220428,6.939159911,-2.627599421,0.399559722,2.829985029,0.011467296,4.000000000,dynamic_arc_transition,0.679544441,0.639199816
72.676014873,-8.332198771,6.791559370,-2.518388546,0.399246170,2.831096088,0.480012171,4.000000000,dynamic_arc_transition,0.706969352,0.666624727
72.950263986,-8.545724804,6.619669170,-2.410946882,0.386548551,2.877219297,0.847344611,4.000000000,dynamic_arc_transition,0.734394263,0.694049639
73.224513099,-8.739929415,6.426199623,-2.308027272,0.366000481,2.956883139,1.116536014,4.000000000,dynamic_arc_transition,0.761819175,0.721474550
73.498762211,-8.913831883,6.214275890,-2.211165670,0.342042011,3.058688595,1.286486435,4.000000000,dynamic_arc_transition,0.749394263,0.717075260
73.773011324,-9.067174131,5.987014572,-2.120835903,0.318053151,3.171941274,1.357272189,4.000000000,dynamic_arc_transition,0.721969352,0.744500171
74.047260437,-9.200181211,5.747269752,-2.036764413,0.296140745,3.287198326,1.332855217,4.000000000,dynamic_arc_transition,0.694544441,0.771925082
74.321509549,-9.313337673,5.497530384,-1.958243155,0.277374680,3.396577918,1.222108009,4.000000000,dynamic_arc_transition,0.667119530,0.799349993
74.595758662,-9.407218626,5.239916465,-1.884363337,0.262143262,3.493861135,1.038712640,4.000000000,dynamic_arc_transition,0.639694618,0.826774905
74.870007775,-9.482378577,4.976225640,-1.814160519,0.250453993,3.574464669,0.800284660,4.000000000,dynamic_arc_transition,0.612269707,0.854199816
75.144256888,-9.539286025,4.707998582,-1.746691451,0.242135287,3.635347629,0.526990097,4.000000000,dynamic_arc_transition,0.584844796,0.841024017
75.418506000,-9.578289630,4.436586616,-1.681067543,0.236952690,3.674888504,0.239909908,4.000000000,dynamic_arc_transition,0.557419885,0.813599106
75.692755113,-9.599604695,4.163214660,-1.616464556,0.234666115,3.692749068,-0.040597888,4.000000000,dynamic_arc_transition,0.532419885,0.786174195
75.967004226,-9.603312618,3.889037690,-1.552121656,0.235049946,3.689732756,-0.296319097,4.000000000,dynamic_arc_transition,0.519844796,0.758749284
76.241253339,-9.589369345,3.615191053,-1.487338071,0.237889964,3.667641928,-0.512231437,4.000000000,dynamic_arc_transition,0.492419885,0.731324372
76.515502451,-9.557621399,3.342835457,-1.421472665,0.242964668,3.629137539,-0.677107363,4.000000000,dynamic_arc_transition,0.519844796,0.703899461
76.789751564,-9.507829858,3.073196975,-1.353950217,0.250014706,3.577603540,-0.783679976,4.000000000,dynamic_arc_transition,0.547269707,0.676474550
77.064000677,-9.439703871,2.807601235,-1.284277290,0.258702928,3.517015782,-0.828440836,4.000000000,dynamic_arc_transition,0.574694618,0.649049639
77.338249789,-9.352945785,2.547499316,-1.212069710,0.268568993,3.451811363,-0.811168979,4.000000000,dynamic_arc_transition,0.602119530,0.621624727
77.612498902,-9.247309496,2.294480812,-1.137091975,0.278986795,3.386750203,-0.734291654,4.000000000,dynamic_arc_transition,0.629544441,0.594199816
77.886748015,-9.122671730,2.050267613,-1.059305774,0.289139576,3.326758072,-0.602157571,4.000000000,dynamic_arc_transition,0.656969352,0.566774905
78.160997128,-8.979112219,1.816681017,-0.978919895,0.298033808,3.276741813,-0.420274887,4.000000000,dynamic_arc_transition,0.684394263,0.539349993
78.435246240,-8.816993349,1.595576300,-0.896428115,0.304572870,3.241375770,-0.194539747,4.000000000,dynamic_arc_transition,0.711819175,0.511925082
78.709495353,-8.637024261,1.388744181,-0.812617903,0.307697865,3.224873978,0.069537244,4.000000000,dynamic_arc_transition,0.739244086,0.484500171
78.983744466,-8.440291546,1.197787866,-0.728534751,0.306573514,3.230782139,0.367615262,4.000000000,dynamic_arc_transition,0.766668997,0.457075260
79.257993579,-8.228241868,1.023994908,-0.645397548,0.300763482,3.261838369,0.697353851,4.000000000,dynamic_arc_transition,0.794093909,0.484500171
79.532242691,-8.002612530,0.868229832,-0.564477185,0.290326145,3.319952846,1.059379534,4.000000000,dynamic_arc_transition,0.821518820,0.511925082
79.806491804,-7.765320693,0.730871301,-0.486965813,0.275787067,3.406340366,1.458575677,4.000000000,dynamic_arc_transition,0.848943731,0.539349993
80.080740917,-7.518334037,0.611805817,-0.413868748,0.257998334,3.521814995,1.906055746,4.000000000,dynamic_arc_transition,0.876368642,0.566774905
80.354990030,-7.263548956,0.510473813,-0.345941965,0.237942115,3.667239978,2.400000000,4.000000000,dynamic_arc_transition,0.903793554,0.594199816
80.629239142,-7.002696162,0.425951096,-0.283681206,0.216546939,3.842531041,2.251520871,4.000000000,dynamic_arc_transition,0.931218465,0.621624727
80.903488255,-6.737282348,0.357043855,-0.227353352,0.194561276,4.000000000,0.000000000,4.000000000,dynamic_arc_transition,0.919544441,0.649049639
81.177737368,-6.468566109,0.302378324,-0.177053379,0.172493608,4.000000000,0.000000000,4.000000000,dynamic_arc_transition,0.892119530,0.676474550
81.451986480,-6.197560117,0.260472998,-0.132771009,0.150602912,4.000000000,0.000000000,4.000000000,dynamic_arc_transition,0.864694618,0.703899461
81.726235593,-5.925049892,0.229788082,-0.094456693,0.128914525,4.000000000,0.000000000,4.000000000,dynamic_arc_transition,0.837269707,0.731324372
82.000484706,-5.651620798,0.208751462,-0.062083068,0.107238517,4.000000000,0.000000000,4.000000000,dynamic_arc_transition,0.809844796,0.758749284
82.274733819,-5.377687430,0.195762415,-0.035706104,0.085154300,4.000000000,0.000000000,4.000000000,dynamic_arc_transition,0.782419885,0.786174195
82.548982931,-5.103522176,0.189172675,-0.015695051,0.060795225,4.000000000,2.400000000,4.000000000,dynamic_arc_transition,0.777419885,0.813599106
82.823232044,-4.829282580,0.187154466,-0.001944930,0.039485060,4.161297363,2.400000000,6.000000000,round_arc_transition,0.772419885,0.839349993
83.097481157,-4.555035700,0.188105905,0.006114961,0.019294261,4.316571728,2.400000000,6.000000000,round_arc_transition,0.777419885,0.811925082
83.371730270,-4.280797904,0.190508470,0.012801063,0.029465695,4.466451301,2.400000000,6.000000000,round_arc_transition,0.804844796,0.784500171
83.645979382,-4.006588314,0.195126998,0.008218365,-0.062889782,4.611462129,2.400000000,6.000000000,round_arc_transition,0.782419885,0.757075260
83.920228495,-3.732342302,0.195015980,0.000782004,0.008655122,4.752049948,2.400000000,6.000000000,straight_acceleration,0.782419885,0.757075260
84.194477608,-3.458096050,0.195555922,0.009295154,0.053430960,4.888596368,2.400000000,6.000000000,straight_acceleration,0.782419885,0.751925082
84.468726720,-3.183886094,0.200114111,0.017816941,0.008718221,5.021431090,2.400000000,6.000000000,straight_acceleration,0.809844796,0.724500171
84.742975833,-2.909686618,0.205327934,0.016601454,-0.017582413,5.150841284,2.400000000,6.000000000,straight_acceleration,0.792419885,0.697075260
85.017224946,-2.635465965,0.209219519,0.007815306,-0.046493929,5.277078896,2.400000000,6.000000000,straight_acceleration,0.774844796,0.724500171
85.291474059,-2.361219877,0.209614457,-0.006597194,-0.058616731,5.400366415,2.400000000,6.000000000,straight_acceleration,0.747419885,0.742075260
85.565723171,-2.087003012,0.205601151,-0.021835763,-0.052518996,5.520901480,2.400000000,6.000000000,straight_acceleration,0.732269707,0.747075260
85.839972284,-1.812871183,0.197638941,-0.033368957,-0.031591786,5.638860602,2.400000000,6.000000000,straight_acceleration,0.704844796,0.724199816
86.114221397,-1.538817222,0.187301970,-0.037933488,-0.001696381,5.754402196,-0.505204811,6.000000000,straight_acceleration,0.677419885,0.696774905
86.388470510,-1.264768001,0.176837498,-0.034453772,0.027073131,5.730274050,-1.500000000,6.000000000,straight_acceleration,0.704844796,0.669349993
86.662719622,-0.990649724,0.168408055,-0.024468346,0.045749189,5.658029105,-1.500000000,6.000000000,straight_acceleration,0.707269707,0.641925082
86.936968735,-0.716448256,0.163418342,-0.010843556,0.053616115,5.584849686,-1.500000000,6.000000000,straight_acceleration,0.679844796,0.614500171
87.211217848,-0.442203331,0.162460713,0.003615928,0.051837097,5.510698565,-1.500000000,6.000000000,straight_acceleration,0.652419885,0.587075260
87.485466960,-0.167971929,0.165401602,0.016217579,0.040065985,5.435535975,-1.500000000,6.000000000,straight_acceleration,0.652419885,0.614500171
