s_m,x_m,y_m,psi_rad,kappa_radpm,w_tr_right_m,w_tr_left_m,right_boundary_x_m,right_boundary_y_m,left_boundary_x_m,left_boundary_y_m
0.000000000,11.117523727,-3.536665000,0.014933255,0.357237926,0.600000000,0.600000000,11.120085618,-4.136659531,11.114961837,-2.936670469
0.083642941,11.201117932,-3.534167240,0.059745683,0.714974847,0.600000000,0.600000000,11.236936195,-4.133096821,11.165299669,-2.935237658
0.167285883,11.284413831,-3.526682156,0.119492438,0.714897909,0.600000000,0.600000000,11.355938162,-4.122403793,11.212889501,-2.930960517
0.250928824,11.367114186,-3.514236995,0.179237053,0.714923365,0.600000000,0.600000000,11.474081526,-4.104624993,11.260146846,-2.923848997
0.334571765,11.448923881,-3.496875990,0.238982733,0.714923575,0.600000000,0.600000000,11.590952518,-4.079823558,11.306895244,-2.913928424
0.418214707,11.529550980,-3.474661092,0.298728419,0.714923499,0.600000000,0.600000000,11.706134088,-4.048087989,11.352967872,-2.901234195
0.501857648,11.608707765,-3.447671575,0.358474104,0.714923559,0.600000000,0.600000000,11.819215210,-4.009531536,11.398200320,-2.885811615
0.585500590,11.686111767,-3.416003751,0.418219784,0.714923379,0.600000000,0.600000000,11.929792357,-3.964291787,11.442431179,-2.867715714
0.669143531,11.761486772,-3.379770626,0.477965472,0.714923725,0.600000000,0.600000000,12.037470935,-3.912530180,11.485502610,-2.847011072
0.752786472,11.834563804,-3.339101496,0.537711157,0.714923328,0.600000000,0.600000000,12.141866694,-3.854431423,11.527260914,-2.823771569
0.836429414,11.905082090,-3.294141490,0.597456835,0.714923566,0.600000000,0.600000000,12.242607102,-3.790202844,11.567557078,-2.798080137
0.920072355,11.972789985,-3.245051047,0.657202521,0.714923513,0.600000000,0.600000000,12.339332666,-3.720073639,11.606247303,-2.770028455
1.003715296,12.037445875,-3.192005344,0.716948207,0.714923563,0.600000000,0.600000000,12.431698224,-3.644294064,11.643193525,-2.739716625
1.087358238,12.098819037,-3.135193675,0.776693890,0.714923440,0.600000000,0.600000000,12.519374169,-3.563134535,11.678263904,-2.707252814
1.171001179,12.156690461,-3.074818772,0.836439573,0.714923581,0.600000000,0.600000000,12.602047633,-3.476884673,11.711333290,-2.672752870
1.254644121,12.210853634,-3.011096080,0.896185259,0.714923476,0.600000000,0.600000000,12.679423594,-3.385852258,11.742283674,-2.636339903
1.338287062,12.261115276,-2.944252995,0.955930940,0.714923495,0.600000000,0.600000000,12.751225940,-3.290362135,11.771004613,-2.598143854
1.421930003,12.307296028,-2.874528044,1.015676622,0.714923492,0.600000000,0.600000000,12.817198443,-3.190755063,11.797393614,-2.558301025
1.505572945,12.349231096,-2.802170039,1.075422308,0.714923577,0.600000000,0.600000000,12.877105683,-3.087386484,11.821356510,-2.516953593
1.589215886,12.386770834,-2.727437190,1.135167993,0.714923482,0.600000000,0.600000000,12.930733880,-2.980625272,11.842807789,-2.474249109
1.672858827,12.419781284,-2.650596179,1.194913678,0.714923559,0.600000000,0.600000000,12.977891665,-2.870852400,11.861670902,-2.430339960
1.756501769,12.448144646,-2.571921212,1.254659362,0.714923486,0.600000000,0.600000000,13.018410753,-2.758459589,11.877878538,-2.385382836
1.840144710,12.471759707,-2.491693040,1.314405043,0.714923473,0.600000000,0.600000000,13.052146556,-2.643847915,11.891372859,-2.339538166
1.923787651,12.490542198,-2.410197956,1.374150723,0.714923466,0.600000000,0.600000000,13.078978686,-2.527426366,11.902105710,-2.292969546
2.007430593,12.504425093,-2.327726774,1.433896412,0.714923677,0.600000000,0.600000000,13.098811392,-2.409610391,11.910038793,-2.245843156
2.091073534,12.513358851,-2.244573790,1.493642098,0.714923410,0.600000000,0.600000000,13.111573904,-2.290820414,11.915143798,-2.198327166
2.174716476,12.517311592,-2.161035736,1.553387777,0.714923478,0.600000000,0.600000000,13.117220677,-2.171480337,11.917402507,-2.150591135
2.258359417,12.516269212,-2.077410715,1.613133459,0.714923523,0.600000000,0.600000000,13.115731562,-2.052016021,11.916806861,-2.102805409
2.342002358,12.510235429,-1.993997142,1.672879152,0.714923710,0.600000000,0.600000000,13.107111872,-1.932853774,11.913358985,-2.055140510
2.425645300,12.499231773,-1.911092677,1.732624835,0.714923292,0.600000000,0.600000000,13.091392365,-1.814418824,11.907071182,-2.007766530
2.509288241,12.483297515,-1.828993163,1.792370509,0.714923498,0.600000000,0.600000000,13.068629139,-1.697133805,11.897965892,-1.960852522
2.592931182,12.462489514,-1.747991572,1.852116198,0.714923657,0.600000000,0.600000000,13.038903422,-1.581417247,11.886075605,-1.914565898
2.676574124,12.436882021,-1.668376956,1.911861886,0.714923464,0.600000000,0.600000000,13.002321291,-1.467682081,11.871442752,-1.869071832
2.760217065,12.406566418,-1.590433419,1.971607567,0.714923498,0.600000000,0.600000000,12.959013286,-1.356334170,11.854119550,-1.824532668
2.843860006,12.371650886,-1.514439102,2.031353249,0.714923481,0.600000000,0.600000000,12.909133954,-1.247770859,11.834167818,-1.781107344
2.927502948,12.332260020,-1.440665188,2.091098932,0.714923521,0.600000000,0.600000000,12.852861288,-1.142379554,11.811658752,-1.738950821
3.011145889,12.288534386,-1.369374939,2.150844620,0.714923618,0.600000000,0.600000000,12.790396097,-1.040536342,11.786672675,-1.698213537
3.094788831,12.240630017,-1.300822753,2.210590301,0.714923335,0.600000000,0.600000000,12.721961284,-0.942604648,11.759298750,-1.659040859
3.178431772,12.188717860,-1.235253258,2.270335981,0.714923600,0.600000000,0.600000000,12.647801060,-0.848933939,11.729634660,-1.621572576
3.262074713,12.132983164,-1.172900437,2.330081668,0.714923499,0.600000000,0.600000000,12.568180065,-0.759858482,11.697786263,-1.585942392
3.345717655,12.073624815,-1.113986795,2.389827355,0.714923608,0.600000000,0.600000000,12.483382424,-0.675696136,11.663867206,-1.552277455
3.429360596,12.010854634,-1.058722566,2.449573039,0.714923417,0.600000000,0.600000000,12.393710737,-0.596747238,11.627998531,-1.520697895
3.513003537,11.944896615,-1.007304958,2.509318719,0.714923530,0.600000000,0.600000000,12.299484995,-0.523293511,11.590308235,-1.491316404
3.596646479,11.875986128,-0.959917454,2.569064404,0.714923516,0.600000000,0.600000000,12.201041442,-0.455597078,11.550930813,-1.464237832
3.680289420,11.804369079,-0.916729157,2.628810090,0.714923558,0.600000000,0.600000000,12.098731373,-0.393899509,11.510006786,-1.439558804
3.763932362,11.730301033,-0.877894182,2.688555767,0.714923310,0.600000000,0.600000000,11.992919878,-0.338420974,11.467682188,-1.417367390
3.847575303,11.654046301,-0.843551111,2.748301455,0.714923810,0.600000000,0.600000000,11.883984546,-0.289359445,11.424108055,-1.397742778
3.931218244,11.575876995,-0.813822500,2.808047145,0.714923356,0.600000000,0.600000000,11.772314110,-0.246890000,11.379439880,-1.380754999
4.014861186,11.496072063,-0.788814431,2.867792822,0.714923507,0.600000000,0.600000000,11.658307064,-0.211164186,11.333837062,-1.366464674
4.098504127,11.414916286,-0.768616147,2.927538507,0.714923552,0.600000000,0.600000000,11.542370240,-0.182309495,11.287462332,-1.354922799
4.182147068,11.332699269,-0.753299724,2.987284120,0.714921773,0.600000000,0.600000000,11.424917358,-0.160428892,11.240481180,-1.346170556
4.265790010,11.249714401,-0.742919809,3.047030792,0.714949015,0.600000000,0.600000000,11.306367004,-0.145600437,11.193061798,-1.340239179
4.349432951,11.166257812,-0.737513630,3.104191505,0.652903151,0.600000000,0.600000000,11.187150704,-0.137877371,11.145364920,-1.337149887
4.433075892,11.082624133,-0.736667525,3.136519492,0.120593390,0.600000000,0.600000000,11.082508757,-0.136667888,11.082739509,-1.336667162
4.516718834,10.998981186,-0.736665001,3.141577559,0.000360593,0.600000000,0.600000000,10.998981141,-0.136665001,10.998981231,-1.336665001
4.600361775,10.915338244,-0.736665000,3.141592648,0.000000206,0.600000000,0.600000000,10.915338255,-0.136665000,10.915338234,-1.336665000
4.684004717,10.831695303,-0.736665000,-3.141592652,-0.000000032,0.600000000,0.600000000,10.831695303,-0.136665000,10.831695303,-1.336665000
4.767647658,10.748052361,-0.736665000,-3.141592654,-0.000000000,0.600000000,0.600000000,10.748052361,-0.136665000,10.748052361,-1.336665000
4.851290599,10.664409420,-0.736665000,3.141592654,-0.000000001,0.600000000,0.600000000,10.664409420,-0.136665000,10.664409420,-1.336665000
4.934933541,10.580766479,-0.736665000,3.141349572,-0.005812353,0.600000000,0.600000000,10.580766493,-0.136665000,10.580766464,-1.336665000
5.018576482,10.497123562,-0.736624336,3.137426112,-0.088003723,0.600000000,0.600000000,10.498599672,-0.136626149,10.495647452,-1.336622522
5.102219423,10.413483739,-0.735968005,3.124549902,-0.219902679,0.600000000,0.600000000,10.422720096,-0.136039100,10.404247381,-1.335896911
5.185862365,10.329871392,-0.733773623,3.101100741,-0.340882989,0.600000000,0.600000000,10.353295466,-0.134231036,10.306447318,-1.333316209
5.269505306,10.246357272,-0.729197034,3.068368510,-0.442001340,0.600000000,0.600000000,10.289573990,-0.130755462,10.203140554,-1.327638607
5.353148247,10.163071021,-0.721537932,3.028324201,-0.515889576,0.600000000,0.600000000,10.230447101,-0.125332885,10.095694940,-1.317742980
5.436791189,10.080193788,-0.710295048,2.983475425,-0.557028552,0.600000000,0.600000000,10.174498299,-0.117752511,9.985889277,-1.302837585
5.520434130,9.997930318,-0.695206538,2.936651211,-0.563194750,0.600000000,0.600000000,10.120131277,-0.107782569,9.875729361,-1.282630507
5.604077072,9.916467852,-0.676263020,2.890701432,-0.536088099,0.600000000,0.600000000,10.065755565,-0.095132073,9.767180139,-1.257393966
5.687720013,9.835934926,-0.653688501,2.848202128,-0.480575047,0.600000000,0.600000000,10.009961927,-0.079480698,9.661907925,-1.227896305
5.771362954,9.756372434,-0.627896754,2.811262180,-0.403006445,0.600000000,0.600000000,9.951619469,-0.060553300,9.561125399,-1.195240208
5.855005896,9.677722651,-0.599438437,2.781475175,-0.309400687,0.600000000,0.600000000,9.889871085,-0.038196027,9.465574218,-1.160680846
5.938648837,9.599834193,-0.568954318,2.759997873,-0.204213920,0.600000000,0.600000000,9.824052478,-0.012423849,9.375615907,-1.125484786
6.022291778,9.522476815,-0.537144012,2.747699284,-0.089876757,0.600000000,0.600000000,9.753579311,0.016563168,9.291374321,-1.090851191
6.105934720,9.445360322,-0.504752899,2.745324835,0.033099472,0.600000000,0.600000000,9.677838322,0.048378172,9.212882321,-1.057883970
6.189577661,9.368154624,-0.472575483,2.753636605,0.165653742,0.600000000,0.600000000,9.596102214,0.082437937,9.140207034,-1.027588903
6.273220603,9.290511472,-0.441471190,2.773503349,0.309445609,0.600000000,0.600000000,9.507479793,0.117925588,9.073543152,-1.000867968
6.356863544,9.212091407,-0.412387104,2.805912800,0.465734048,0.600000000,0.600000000,9.410918769,0.153711552,9.013264045,-0.978485760
6.440506485,9.132601735,-0.386379082,2.851862891,0.633609156,0.600000000,0.600000000,9.305298353,0.188230245,8.959905119,-0.960988408
6.524149427,9.051851477,-0.364616615,2.912071000,0.807394564,0.600000000,0.600000000,9.189674248,0.219339624,8.914028705,-0.948572855
6.607792368,8.969824106,-0.348347904,2.986458762,0.973807402,0.600000000,0.600000000,9.063740172,0.244256326,8.875908040,-0.940952133
6.691435309,8.886753061,-0.338796791,3.073489876,1.111148068,0.600000000,0.600000000,8.928473234,0.259750959,8.845032886,-0.937344541
6.775078251,8.803160165,-0.336980047,-3.113504958,1.194131269,0.600000000,0.600000000,8.786676300,0.262793479,8.819644031,-0.936753572
6.858721192,8.719803693,-0.343487248,-3.013418281,1.204944058,0.600000000,0.600000000,8.642871677,0.251560172,8.796735709,-0.938534669
6.942364133,8.637519717,-0.358327942,-2.915426438,1.143695028,0.600000000,0.600000000,8.502232144,0.226220834,8.772807290,-0.942876718
7.026007075,8.557020013,-0.380944262,-2.824775981,1.028288162,0.600000000,0.600000000,8.369062823,0.188855782,8.744977203,-0.950744305
7.109650016,8.478750270,-0.410382124,-2.744925038,0.884100856,0.600000000,0.600000000,8.245831052,0.142563299,8.711669488,-0.963327546
7.193292958,8.402860433,-0.445517188,-2.677378579,0.732887965,0.600000000,0.600000000,8.133173192,0.090457432,8.672547672,-0.981491808
7.276935899,8.329259059,-0.485233611,-2.622179154,0.588029876,0.600000000,0.600000000,8.030496133,0.035093896,8.628021986,-1.005561118
7.360578840,8.257694976,-0.528520375,-2.578569318,0.455250157,0.600000000,0.600000000,7.936630482,-0.021649987,8.578759471,-1.035390764
7.444221782,8.187827935,-0.574500588,-2.545517365,0.335291386,0.600000000,0.600000000,7.850277116,-0.078456795,8.525378754,-1.070544382
7.527864723,8.119276081,-0.622422447,-2.522034970,0.226286936,0.600000000,0.600000000,7.770238780,-0.134392771,8.468313380,-1.110452122
7.611507664,8.051642575,-0.671633635,-2.507334773,0.125236326,0.600000000,0.600000000,7.695512937,-0.188755095,8.407772212,-1.154512174
7.695150606,7.984527825,-0.721550875,-2.500895393,0.028740642,0.600000000,0.600000000,7.625315630,-0.240961025,8.343740020,-1.202140725
7.778793547,7.917533173,-0.771629382,-2.502482726,-0.066696199,0.600000000,0.600000000,7.559079460,-0.290473542,8.275986886,-1.252785221
7.862436488,7.850260418,-0.821333211,-2.512154778,-0.164582707,0.600000000,0.600000000,7.496447823,-0.336754370,8.204073012,-1.305912051
7.946079430,7.782310434,-0.870105900,-2.530260719,-0.268393851,0.600000000,0.600000000,7.437274978,-0.379238771,8.127345891,-1.360973028
8.029722371,7.713283921,-0.917340486,-2.557431580,-0.381424474,0.600000000,0.600000000,7.381633503,-0.417332484,8.044934340,-1.417348488
8.113365313,7.642787865,-0.962348726,-2.594546037,-0.506348701,0.600000000,0.600000000,7.329822605,-0.450437847,7.955753125,-1.474259605
8.197008254,7.570452699,-1.004331698,-2.642635815,-0.644224152,0.600000000,0.600000000,7.282357833,-0.478022519,7.858547566,-1.530640877
8.280651195,7.495966499,-1.042358849,-2.702673002,-0.792660478,0.600000000,0.600000000,7.239901243,-0.499744260,7.752031756,-1.584973438
8.364294137,7.419131876,-1.075370985,-2.775171926,-0.943180024,0.600000000,0.600000000,7.203065807,-0.515625099,7.635197944,-1.635116869
8.447937078,7.339943720,-1.102232766,-2.859589546,-1.078942007,0.600000000,0.600000000,7.172031434,-0.526207189,7.507856008,-1.678258341
8.531580019,7.258666189,-1.121861796,-2.953678926,-1.175772832,0.600000000,0.600000000,7.146016522,-0.532531645,7.371315855,-1.711191948
8.615222961,7.175860431,-1.133434395,-3.053202704,-1.209748748,0.600000000,0.600000000,7.122895269,-0.535776729,7.228825593,-1.731092062
8.698865902,7.092309928,-1.136604431,3.130732915,-1.169173147,0.600000000,0.600000000,7.099418933,-0.536646569,7.085200921,-1.736562294
8.782508844,7.008843971,-1.131620569,3.037630649,-1.061794062,0.600000000,0.600000000,7.072152775,-0.534969922,6.945535167,-1.728271216
8.866151785,6.926140592,-1.119266626,2.955311964,-0.909897261,0.600000000,0.600000000,7.038537114,-0.529888121,6.813744068,-1.708645132
8.949794726,6.844607314,-1.100667592,2.886461334,-0.738403289,0.600000000,0.600000000,6.997344984,-0.520433842,6.691869646,-1.680901343
9.033437668,6.764370585,-1.077074579,2.831958061,-0.565851644,0.600000000,0.600000000,6.948442124,-0.506007441,6.580299046,-1.648141718
9.117080609,6.685335177,-1.049712510,2.791489781,-0.402225564,0.600000000,0.600000000,6.892267457,-0.486526004,6.478402897,-1.612899015
9.200723550,6.607261949,-1.019707133,2.764178860,-0.250955091,0.600000000,0.600000000,6.829399151,-0.462342743,6.385124745,-1.577071523
9.284366492,6.529834135,-0.988069249,2.749008182,-0.111825595,0.600000000,0.600000000,6.760316479,-0.434103643,6.299351792,-1.542034856
9.368009433,6.452705007,-0.955708304,2.745032145,0.016750977,0.600000000,0.600000000,6.685319295,-0.402634530,6.220090718,-1.508782076
9.451652374,6.375530694,-0.923455489,2.751430898,0.136255707,0.600000000,0.600000000,6.604542888,-0.368880503,6.146518499,-1.478030477
9.535295316,6.297994474,-0.892084524,2.767463065,0.247123832,0.600000000,0.600000000,6.518027692,-0.333886187,6.077961258,-1.450282861
9.618938257,6.219827571,-0.862323073,2.792352938,0.348122283,0.600000000,0.600000000,6.425826142,-0.298794378,6.013829001,-1.425851768
9.702581199,6.140828891,-0.834849982,2.825137247,0.436005273,0.600000000,0.600000000,6.328138259,-0.264836648,5.953519524,-1.404863315
9.786224140,6.060882826,-0.810275004,2.864501284,0.505599872,0.600000000,0.600000000,6.225460897,-0.233287952,5.896304755,-1.387262056
9.869867081,5.979970950,-0.789100727,2.908650346,0.550563706,0.600000000,0.600000000,6.118716528,-0.205363064,5.841225372,-1.372838389
9.953510023,5.898171270,-0.771671829,2.955276281,0.564911303,0.600000000,0.600000000,6.009307463,-0.182054372,5.787035075,-1.361289287
10.037152964,5.815639966,-0.758123901,3.001663877,0.544855914,0.600000000,0.600000000,5.899044289,-0.163949084,5.732235643,-1.352298717
10.120795905,5.732576468,-0.748347924,3.044933574,0.490252755,0.600000000,0.600000000,5.789942001,-0.151096557,5.675210935,-1.345599291
10.204438847,5.649180601,-0.741983795,3.082351048,0.404760296,0.600000000,0.600000000,5.683945411,-0.142991802,5.614415791,-1.340975787
10.288081788,5.565615350,-0.738445292,3.111602394,0.294833904,0.600000000,0.600000000,5.582685587,-0.138688168,5.548545113,-1.338202415
10.371724730,5.481986686,-0.736968102,3.130962395,0.168140885,0.600000000,0.600000000,5.487343549,-0.136992013,5.476629822,-1.336944191
10.455367671,5.398344520,-0.736667093,3.139780767,0.042726156,0.600000000,0.600000000,5.398628325,-0.136667159,5.398060715,-1.336667029
10.539010612,5.314701579,-0.736665000,3.141580141,0.000299194,0.600000000,0.600000000,5.314701576,-0.136665000,5.314701581,-1.336665000
10.622653554,5.231058637,-0.736665000,-3.141592654,-0.000000000,0.600000000,0.600000000,5.231058637,-0.136665000,5.231058637,-1.336665000
10.706296495,5.147415696,-0.736665000,3.141592654,-0.000000002,0.600000000,0.600000000,5.147415696,-0.136665000,5.147415696,-1.336665000
10.789939436,5.063772755,-0.736665000,-3.141592650,0.000000095,0.600000000,0.600000000,5.063772754,-0.136665000,5.063772755,-1.336665000
10.873582378,4.980129813,-0.736665001,-3.141591775,0.000020823,0.600000000,0.600000000,4.980129843,-0.136665001,4.980129784,-1.336665001
10.957225319,4.896486872,-0.736665147,3.141570521,-0.000571049,0.600000000,0.600000000,4.896493587,-0.136665168,4.896480156,-1.336665126
11.040868260,4.812843940,-0.736661298,-3.127267269,0.343742481,0.600000000,0.600000000,4.810622005,-0.136665170,4.815065875,-1.336657426
11.124511202,4.729246740,-0.739061090,-3.083047282,0.714295554,0.600000000,0.600000000,4.694165046,-0.140087933,4.764328434,-1.338034248
11.208154143,4.645941707,-0.746443831,-3.023328888,0.714896351,0.600000000,0.600000000,4.575149392,-0.150634759,4.716734023,-1.342252903
11.291797085,4.563226123,-0.758787365,-2.963584334,0.714923472,0.600000000,0.600000000,4.456984291,-0.168268379,4.669467954,-1.349306352
11.375440026,4.481395157,-0.776047835,-2.903838651,0.714923531,0.600000000,0.600000000,4.340082912,-0.192926193,4.622707401,-1.359169477
11.459082967,4.400740823,-0.798163647,-2.844092968,0.714923482,0.600000000,0.600000000,4.224862437,-0.224520210,4.576619211,-1.371807085
11.542725909,4.321550935,-0.825055881,-2.784347283,0.714923568,0.600000000,0.600000000,4.111734024,-0.262937687,4.531367846,-1.387174075
11.626368850,4.244108079,-0.856628573,-2.724601601,0.714923411,0.600000000,0.600000000,4.001101374,-0.308041533,4.487114786,-1.405215613
11.710011791,4.168688611,-0.892769055,-2.664855911,0.714923755,0.600000000,0.600000000,3.893359276,-0.359670793,4.444017947,-1.425867317
11.793654733,4.095561663,-0.933348363,-2.605110225,0.714923321,0.600000000,0.600000000,3.788892206,-0.417641232,4.402231119,-1.449055493
11.877297674,4.024988187,-0.978221687,-2.545364548,0.714923538,0.600000000,0.600000000,3.688072954,-0.481745980,4.361903418,-1.474697392
11.960940615,3.957220024,-1.027228898,-2.485618864,0.714923498,0.600000000,0.600000000,3.591261293,-0.551756283,4.323178754,-1.502701513
12.044583557,3.892499004,-1.080195116,-2.425873178,0.714923581,0.600000000,0.600000000,3.498802694,-0.627422308,4.286195313,-1.532967923
12.128226498,3.831056082,-1.136931331,-2.366127499,0.714923322,0.600000000,0.600000000,3.411027090,-0.708474045,4.251085073,-1.565388618
12.211869440,3.773110516,-1.197235080,-2.306381814,0.714923753,0.600000000,0.600000000,3.328247712,-0.794622257,4.217973321,-1.599847903
12.295512381,3.718869087,-1.260891172,-2.246636126,0.714923352,0.600000000,0.600000000,3.250759955,-0.885559530,4.186978218,-1.636222812
12.379155322,3.668525350,-1.327672448,-2.186890446,0.714923602,0.600000000,0.600000000,3.178840331,-0.980961355,4.158210369,-1.674383542
12.462798264,3.622258960,-1.397340603,-2.127144763,0.714923392,0.600000000,0.600000000,3.112745488,-1.080487290,4.131772432,-1.714193916
12.546441205,3.580235014,-1.469647026,-2.067399076,0.714923719,0.600000000,0.600000000,3.052711281,-1.183782180,4.107758749,-1.755511872
12.630084146,3.542603478,-1.544333693,-2.007653386,0.714923444,0.600000000,0.600000000,2.998951944,-1.290477418,4.086255014,-1.798189967
12.713727088,3.509498638,-1.621134085,-1.947907709,0.714923419,0.600000000,0.600000000,2.951659313,-1.400192263,4.067337962,-1.842075905
12.797370029,3.481038626,-1.699774141,-1.888162029,0.714923526,0.600000000,0.600000000,2.911002154,-1.512535201,4.051075098,-1.887013080
12.881012971,3.457325003,-1.779973236,-1.828416337,0.714923683,0.600000000,0.600000000,2.877125551,-1.627105336,4.037524457,-1.932841135
12.964655912,3.438442392,-1.861445180,-1.768670656,0.714923288,0.600000000,0.600000000,2.850150390,-1.743493828,4.026734393,-1.979396532
13.048298853,3.424458172,-1.943899242,-1.708924977,0.714923607,0.600000000,0.600000000,2.830172934,-1.861285346,4.018743410,-2.026513139
13.131941795,3.415422248,-2.027041185,-1.649179292,0.714923443,0.600000000,0.600000000,2.817264472,-1.980059551,4.013580025,-2.074022820
13.215584736,3.411366864,-2.110574320,-1.589433604,0.714923695,0.600000000,0.600000000,2.811471065,-2.099392600,4.011262662,-2.121756040
13.299227677,3.412306492,-2.194200559,-1.529687919,0.714923350,0.600000000,0.600000000,2.812813391,-2.218858655,4.011799593,-2.169542462
13.382870619,3.418237777,-2.277621483,-1.469942241,0.714923536,0.600000000,0.600000000,2.821286656,-2.338031403,4.015188898,-2.217211561
13.466513560,3.429139556,-2.360539405,-1.410196556,0.714923521,0.600000000,0.600000000,2.836860625,-2.456485579,4.021418487,-2.264593232
13.550156501,3.444972924,-2.442658436,-1.350450869,0.714923587,0.600000000,0.600000000,2.859479723,-2.573798480,4.030466125,-2.311518392
13.633799443,3.465681381,-2.523685533,-1.290705187,0.714923386,0.600000000,0.600000000,2.889063233,-2.689551475,4.042299529,-2.357819590
13.717442384,3.491191029,-2.603331554,-1.230959502,0.714923677,0.600000000,0.600000000,2.925505587,-2.803331505,4.056876472,-2.403331602
13.801085326,3.521410838,-2.681312281,-1.171213818,0.714923356,0.600000000,0.600000000,2.968676742,-2.914732545,4.074144933,-2.447892018
13.884728267,3.556232966,-2.757349444,-1.111468137,0.714923606,0.600000000,0.600000000,3.018422641,-3.023357063,4.094043292,-2.491341825
13.968371208,3.595533155,-2.831171703,-1.051722453,0.714923408,0.600000000,0.600000000,3.074565767,-3.128817432,4.116500543,-2.533525973
14.052014150,3.639171159,-2.902515625,-0.991976768,0.714923663,0.600000000,0.600000000,3.136905774,-3.230737321,4.141436546,-2.574293928
14.135657091,3.686991260,-2.971126620,-0.932231084,0.714923359,0.600000000,0.600000000,3.205220203,-3.328753029,4.168762317,-2.613500212
14.219300032,3.738822810,-3.036759852,-0.872485401,0.714923634,0.600000000,0.600000000,3.279265274,-3.422514789,4.198380346,-2.651004915
14.302942974,3.794480850,-3.099181109,-0.812739712,0.714923517,0.600000000,0.600000000,3.358776760,-3.511688012,4.230184940,-2.686674205
14.386585915,3.853766765,-3.158167641,-0.752994033,0.714923415,0.600000000,0.600000000,3.443470924,-3.595954488,4.264062606,-2.720380795
14.470228856,3.916468994,-3.213508957,-0.693248350,0.714923577,0.600000000,0.600000000,3.533045537,-3.675013510,4.299892451,-2.752004404
14.553871798,3.982363785,-3.265007571,-0.633502663,0.714923537,0.600000000,0.600000000,3.627180953,-3.748582959,4.337546618,-2.781432184
14.637514739,4.051215993,-3.312479711,-0.573756981,0.714923441,0.600000000,0.600000000,3.725541250,-3.816400302,4.376890736,-2.808559120
14.721157681,4.122779921,-3.355755974,-0.514011296,0.714923618,0.600000000,0.600000000,3.827775433,-3.878223535,4.417784410,-2.833288414
14.804800622,4.196800193,-3.394681929,-0.454265615,0.714923320,0.600000000,0.600000000,3.933518679,-3.933832042,4.460081708,-2.855531817
14.888443563,4.273012670,-3.429118671,-0.394519931,0.714923710,0.600000000,0.600000000,4.042393646,-3.983027386,4.503631694,-2.875209954
14.972086505,4.351145388,-3.458943309,-0.334774241,0.714923479,0.600000000,0.600000000,4.154011814,-4.025634013,4.548278962,-2.892252606
15.055729446,4.430919532,-3.484049417,-0.275028562,0.714923418,0.600000000,0.600000000,4.267974876,-4.061499883,4.593864186,-2.906598953
15.139372387,4.512050428,-3.504347405,-0.215282880,0.714923572,0.600000000,0.600000000,4.383876158,-4.090497007,4.640224699,-2.918197803
15.223015329,4.594248564,-3.519764838,-0.155537255,0.714922030,0.600000000,0.600000000,4.501302067,-4.112521912,4.687195061,-2.927007765
15.306658270,4.677220615,-3.530246711,-0.095789224,0.714981478,0.600000000,0.600000000,4.619834032,-4.127496019,4.734607197,-2.932997404
15.390301212,4.760670498,-3.535755203,-0.038378992,0.658851866,0.600000000,0.600000000,4.739030977,-4.135365184,4.782310020,-2.936145223
15.473944153,4.844303118,-3.536662319,-0.005438918,0.129293054,0.600000000,0.600000000,4.844420015,-4.136661917,4.844186220,-2.936662721
15.557587094,4.927946066,-3.536665010,-0.000016027,0.000386084,0.600000000,0.600000000,4.927945617,-4.136665012,4.927946515,-2.936665009
15.641230036,5.011589007,-3.536665000,0.000000062,-0.000001397,0.600000000,0.600000000,5.011588996,-4.136665000,5.011589019,-2.936665000
15.724872977,5.095231949,-3.536665000,0.000000002,-0.000000038,0.600000000,0.600000000,5.095231949,-4.136665000,5.095231949,-2.936665000
15.808515918,5.178874890,-3.536665000,-0.000000000,0.000000000,0.600000000,0.600000000,5.178874890,-4.136665000,5.178874890,-2.936665000
15.892158860,5.262517831,-3.536665000,-0.000000000,0.000000000,0.600000000,0.600000000,5.262517831,-4.136665000,5.262517831,-2.936665000
15.975801801,5.346160773,-3.536665000,0.000000000,-0.000000000,0.600000000,0.600000000,5.346160773,-4.136665000,5.346160773,-2.936665000
16.059444742,5.429803714,-3.536665000,0.000000000,0.000000000,0.600000000,0.600000000,5.429803714,-4.136665000,5.429803714,-2.936665000
16.143087684,5.513446655,-3.536665000,0.000000000,0.000000000,0.600000000,0.600000000,5.513446655,-4.136665000,5.513446655,-2.936665000
16.226730625,5.597089597,-3.536665000,0.000000000,0.000000000,0.600000000,0.600000000,5.597089597,-4.136665000,5.597089597,-2.936665000
16.310373567,5.680732538,-3.536665000,0.000000000,0.000000000,0.600000000,0.600000000,5.680732538,-4.136665000,5.680732538,-2.936665000
16.394016508,5.764375480,-3.536665000,0.000000000,0.000000000,0.600000000,0.600000000,5.764375480,-4.136665000,5.764375480,-2.936665000
16.477659449,5.848018421,-3.536665000,0.000000000,0.000000000,0.600000000,0.600000000,5.848018421,-4.136665000,5.848018421,-2.936665000
16.561302391,5.931661362,-3.536665000,0.000000000,0.000000000,0.600000000,0.600000000,5.931661362,-4.136665000,5.931661362,-2.936665000
16.644945332,6.015304304,-3.536665000,0.000000000,0.000000000,0.600000000,0.600000000,6.015304304,-4.136665000,6.015304304,-2.936665000
16.728588273,6.098947245,-3.536665000,0.000000000,0.000000000,0.600000000,0.600000000,6.098947245,-4.136665000,6.098947245,-2.936665000
16.812231215,6.182590186,-3.536665000,0.000000000,0.000000000,0.600000000,0.600000000,6.182590186,-4.136665000,6.182590186,-2.936665000
16.895874156,6.266233128,-3.536665000,0.000000000,0.000000000,0.600000000,0.600000000,6.266233128,-4.136665000,6.266233128,-2.936665000
16.979517098,6.349876069,-3.536665000,0.000000000,0.000000000,0.600000000,0.600000000,6.349876069,-4.136665000,6.349876069,-2.936665000
17.063160039,6.433519010,-3.536665000,0.000000000,0.000000000,0.600000000,0.600000000,6.433519010,-4.136665000,6.433519010,-2.936665000
17.146802980,6.517161952,-3.536665000,0.000000000,0.000000000,0.600000000,0.600000000,6.517161952,-4.136665000,6.517161952,-2.936665000
17.230445922,6.600804893,-3.536665000,0.000000000,0.000000000,0.600000000,0.600000000,6.600804893,-4.136665000,6.600804893,-2.936665000
17.314088863,6.684447835,-3.536665000,0.000000000,0.000000000,0.600000000,0.600000000,6.684447835,-4.136665000,6.684447835,-2.936665000
17.397731804,6.768090776,-3.536665000,0.000000000,0.000000000,0.600000000,0.600000000,6.768090776,-4.136665000,6.768090776,-2.936665000
17.481374746,6.851733717,-3.536665000,0.000000000,0.000000000,0.600000000,0.600000000,6.851733717,-4.136665000,6.851733717,-2.936665000
17.565017687,6.935376659,-3.536665000,0.000000000,0.000000000,0.600000000,0.600000000,6.935376659,-4.136665000,6.935376659,-2.936665000
17.648660628,7.019019600,-3.536665000,0.000000000,0.000000000,0.600000000,0.600000000,7.019019600,-4.136665000,7.019019600,-2.936665000
17.732303570,7.102662541,-3.536665000,0.000000000,0.000000000,0.600000000,0.600000000,7.102662541,-4.136665000,7.102662541,-2.936665000
17.815946511,7.186305483,-3.536665000,0.000000000,0.000000000,0.600000000,0.600000000,7.186305483,-4.136665000,7.186305483,-2.936665000
17.899589453,7.269948424,-3.536665000,0.000000000,0.000000000,0.600000000,0.600000000,7.269948424,-4.136665000,7.269948424,-2.936665000
17.983232394,7.353591365,-3.536665000,0.000000000,0.000000000,0.600000000,0.600000000,7.353591365,-4.136665000,7.353591365,-2.936665000
18.066875335,7.437234307,-3.536665000,0.000000000,0.000000000,0.600000000,0.600000000,7.437234307,-4.136665000,7.437234307,-2.936665000
18.150518277,7.520877248,-3.536665000,0.000000000,0.000000000,0.600000000,0.600000000,7.520877248,-4.136665000,7.520877248,-2.936665000
18.234161218,7.604520190,-3.536665000,0.000000000,0.000000000,0.600000000,0.600000000,7.604520190,-4.136665000,7.604520190,-2.936665000
18.317804159,7.688163131,-3.536665000,0.000000000,0.000000000,0.600000000,0.600000000,7.688163131,-4.136665000,7.688163131,-2.936665000
18.401447101,7.771806072,-3.536665000,0.000000000,0.000000000,0.600000000,0.600000000,7.771806072,-4.136665000,7.771806072,-2.936665000
18.485090042,7.855449014,-3.536665000,0.000000000,0.000000000,0.600000000,0.600000000,7.855449014,-4.136665000,7.855449014,-2.936665000
18.568732983,7.939091955,-3.536665000,0.000000000,0.000000000,0.600000000,0.600000000,7.939091955,-4.136665000,7.939091955,-2.936665000
18.652375925,8.022734896,-3.536665000,0.000000000,0.000000000,0.600000000,0.600000000,8.022734896,-4.136665000,8.022734896,-2.936665000
18.736018866,8.106377838,-3.536665000,0.000000000,0.000000000,0.600000000,0.600000000,8.106377838,-4.136665000,8.106377838,-2.936665000
18.819661808,8.190020779,-3.536665000,0.000000000,0.000000000,0.600000000,0.600000000,8.190020779,-4.136665000,8.190020779,-2.936665000
18.903304749,8.273663721,-3.536665000,0.000000000,0.000000000,0.600000000,0.600000000,8.273663721,-4.136665000,8.273663721,-2.936665000
18.986947690,8.357306662,-3.536665000,0.000000000,0.000000000,0.600000000,0.600000000,8.357306662,-4.136665000,8.357306662,-2.936665000
19.070590632,8.440949603,-3.536665000,0.000000000,0.000000000,0.600000000,0.600000000,8.440949603,-4.136665000,8.440949603,-2.936665000
19.154233573,8.524592545,-3.536665000,0.000000000,0.000000000,0.600000000,0.600000000,8.524592545,-4.136665000,8.524592545,-2.936665000
19.237876514,8.608235486,-3.536665000,0.000000000,0.000000000,0.600000000,0.600000000,8.608235486,-4.136665000,8.608235486,-2.936665000
19.321519456,8.691878427,-3.536665000,0.000000000,0.000000000,0.600000000,0.600000000,8.691878427,-4.136665000,8.691878427,-2.936665000
19.405162397,8.775521369,-3.536665000,0.000000000,0.000000000,0.600000000,0.600000000,8.775521369,-4.136665000,8.775521369,-2.936665000
19.488805339,8.859164310,-3.536665000,0.000000000,0.000000000,0.600000000,0.600000000,8.859164310,-4.136665000,8.859164310,-2.936665000
19.572448280,8.942807251,-3.536665000,0.000000000,0.000000000,0.600000000,0.600000000,8.942807251,-4.136665000,8.942807251,-2.936665000
19.656091221,9.026450193,-3.536665000,0.000000000,0.000000000,0.600000000,0.600000000,9.026450193,-4.136665000,9.026450193,-2.936665000
19.739734163,9.110093134,-3.536665000,0.000000000,0.000000000,0.600000000,0.600000000,9.110093134,-4.136665000,9.110093134,-2.936665000
19.823377104,9.193736076,-3.536665000,0.000000000,0.000000000,0.600000000,0.600000000,9.193736076,-4.136665000,9.193736076,-2.936665000
19.907020045,9.277379017,-3.536665000,0.000000000,0.000000000,0.600000000,0.600000000,9.277379017,-4.136665000,9.277379017,-2.936665000
19.990662987,9.361021958,-3.536665000,0.000000000,0.000000000,0.600000000,0.600000000,9.361021958,-4.136665000,9.361021958,-2.936665000
20.074305928,9.444664900,-3.536665000,0.000000000,0.000000000,0.600000000,0.600000000,9.444664900,-4.136665000,9.444664900,-2.936665000
20.157948869,9.528307841,-3.536665000,0.000000000,0.000000000,0.600000000,0.600000000,9.528307841,-4.136665000,9.528307841,-2.936665000
20.241591811,9.611950782,-3.536665000,0.000000000,0.000000000,0.600000000,0.600000000,9.611950782,-4.136665000,9.611950782,-2.936665000
20.325234752,9.695593724,-3.536665000,0.000000000,0.000000000,0.600000000,0.600000000,9.695593724,-4.136665000,9.695593724,-2.936665000
20.408877694,9.779236665,-3.536665000,0.000000000,0.000000000,0.600000000,0.600000000,9.779236665,-4.136665000,9.779236665,-2.936665000
20.492520635,9.862879606,-3.536665000,0.000000000,0.000000000,0.600000000,0.600000000,9.862879606,-4.136665000,9.862879606,-2.936665000
20.576163576,9.946522548,-3.536665000,0.000000000,0.000000000,0.600000000,0.600000000,9.946522548,-4.136665000,9.946522548,-2.936665000
20.659806518,10.030165489,-3.536665000,0.000000000,0.000000000,0.600000000,0.600000000,10.030165489,-4.136665000,10.030165489,-2.936665000
20.743449459,10.113808431,-3.536665000,0.000000000,0.000000000,0.600000000,0.600000000,10.113808431,-4.136665000,10.113808431,-2.936665000
20.827092400,10.197451372,-3.536665000,0.000000000,0.000000000,0.600000000,0.600000000,10.197451372,-4.136665000,10.197451372,-2.936665000
20.910735342,10.281094313,-3.536665000,0.000000000,0.000000000,0.600000000,0.600000000,10.281094313,-4.136665000,10.281094313,-2.936665000
20.994378283,10.364737255,-3.536665000,0.000000000,0.000000000,0.600000000,0.600000000,10.364737255,-4.136665000,10.364737255,-2.936665000
21.078021224,10.448380196,-3.536665000,0.000000000,0.000000000,0.600000000,0.600000000,10.448380196,-4.136665000,10.448380196,-2.936665000
21.161664166,10.532023137,-3.536665000,0.000000000,0.000000000,0.600000000,0.600000000,10.532023137,-4.136665000,10.532023137,-2.936665000
21.245307107,10.615666079,-3.536665000,0.000000000,0.000000000,0.600000000,0.600000000,10.615666079,-4.136665000,10.615666079,-2.936665000
21.328950049,10.699309020,-3.536665000,-0.000000000,-0.000000000,0.600000000,0.600000000,10.699309020,-4.136665000,10.699309020,-2.936665000
21.412592990,10.782951962,-3.536665000,-0.000000000,-0.000000003,0.600000000,0.600000000,10.782951962,-4.136665000,10.782951962,-2.936665000
21.496235931,10.866594903,-3.536665000,0.000000000,0.000000008,0.600000000,0.600000000,10.866594904,-4.136665000,10.866594902,-2.936665000
21.579878873,10.950237844,-3.536665000,0.000001071,0.000025598,0.600000000,0.600000000,10.950237844,-4.136665000,10.950237845,-2.936665000
21.663521814,11.033880786,-3.536664821,-0.000000000,-0.000051208,0.600000000,0.600000000,11.033872975,-4.136664794,11.033888598,-2.936664848
