s_m,x_m,y_m,psi_rad,kappa_radpm,vx_mps,ax_mps2,w_tr_right_m,w_tr_left_m
0.000000000,11.119872387,-3.693930441,0.018222314,0.336278784,1.850000000,0.000000000,0.442717022,0.757282978
0.085857683,11.205685744,-3.691127135,0.060162822,0.641157657,1.850000000,0.000000000,0.443028752,0.756971248
0.171715366,11.291214155,-3.683609581,0.115443401,0.647352108,1.850000000,0.000000000,0.443343113,0.756656887
0.257573049,11.376196188,-3.671354915,0.170675667,0.640055838,1.850000000,0.000000000,0.443659438,0.756340562
0.343430732,11.460375012,-3.654454288,0.225691419,0.642267143,1.850000000,0.000000000,0.443970689,0.756029311
0.429288415,11.543496415,-3.632942260,0.280708060,0.640099416,1.850000000,0.000000000,0.444268686,0.755731314
0.515146098,11.625310946,-3.606899780,0.335609897,0.639576118,1.850000000,0.000000000,0.444545764,0.755454236
0.601003781,11.705574050,-3.576408759,0.390442086,0.638479332,1.850000000,0.000000000,0.444794045,0.755205955
0.686861464,11.784047022,-3.541568489,0.445187240,0.637543036,1.850000000,0.000000000,0.445005715,0.754994285
0.772719147,11.860497634,-3.502489604,0.499849098,0.636536262,1.850000000,0.000000000,0.445172932,0.754827068
0.858576830,11.934700849,-3.459295444,0.554424375,0.635522328,1.850000000,0.000000000,0.445287862,0.754712138
0.944434513,12.006439469,-3.412121062,0.608911548,0.634480330,1.850000000,0.000000000,0.445342667,0.754657333
1.030292196,12.075504772,-3.361112876,0.663308339,0.633413146,1.850000000,0.000000000,0.445329518,0.754670482
1.116149879,12.141697099,-3.306428092,0.717612348,0.632315172,1.850000000,0.000000000,0.445240601,0.754759399
1.202007561,12.204826443,-3.248234149,0.771820607,0.631178629,1.850000000,0.000000000,0.445068113,0.754931887
1.287865244,12.264713011,-3.186708142,0.825932113,0.630057807,1.850000000,0.000000000,0.444804230,0.755195770
1.373722927,12.321187347,-3.122035980,0.879934618,0.628633168,1.850000000,0.000000000,0.444441539,0.755558461
1.459580610,12.374092865,-3.054412871,0.933875217,0.628618784,1.850000000,0.000000000,0.443970672,0.756029328
1.545438293,12.423275211,-2.984036346,0.987765368,0.627442125,1.850000000,0.000000000,0.443393035,0.756606965
1.631295976,12.468599956,-2.911113718,1.043026319,0.660624822,1.850000000,0.000000000,0.442701746,0.757298254
1.717153659,12.509720066,-2.835741454,1.101195313,0.695312935,1.850000000,0.000000000,0.442142854,0.757857146
1.803011342,12.546273018,-2.758052512,1.159769322,0.670066701,1.850000000,0.000000000,0.441973330,0.758026670
1.888869025,12.578302505,-2.678389144,1.215805505,0.636099268,1.850000000,0.000000000,0.442007792,0.757992208
1.974726708,12.605937627,-2.597099010,1.270774124,0.645130246,1.850000000,0.000000000,0.441996268,0.758003732
2.060584391,12.629032888,-2.514404501,1.325863220,0.638914020,1.850000000,0.000000000,0.442005439,0.757994561
2.146442074,12.647562538,-2.430567123,1.381056655,0.647577277,1.850000000,0.000000000,0.441989328,0.758010672
2.232299757,12.661407304,-2.345831558,1.440804849,0.745221380,1.850000000,0.000000000,0.442011812,0.757988188
2.318157440,12.669810466,-2.260383097,1.505935403,0.773265278,1.850000000,0.000000000,0.442790852,0.757209148
2.404015123,12.672531318,-2.174566490,1.570497150,0.731914764,1.850000000,0.000000000,0.444530574,0.755469426
2.489872806,12.669861815,-2.088747073,1.633550904,0.738066379,1.850000000,0.000000000,0.446922496,0.753077504
2.575730489,12.661767542,-2.003269936,1.697474853,0.752217810,1.850000000,0.000000000,0.450005365,0.749994635
2.661588172,12.648178006,-1.918491737,1.762479489,0.763320821,1.850000000,0.000000000,0.453875082,0.746124918
2.747445855,12.629070345,-1.834784848,1.828527618,0.776581310,1.850000000,0.000000000,0.458602886,0.741397114
2.833303538,12.604432982,-1.752535504,1.895702910,0.789651623,1.850000000,0.000000000,0.464273840,0.735726160
2.919161221,12.574285163,-1.672142126,1.964105678,0.805260612,1.850000000,0.000000000,0.470969034,0.729030966
3.005018904,12.538661014,-1.594021608,2.033527048,0.813448051,1.850000000,0.000000000,0.478785580,0.721214420
3.090876587,12.497677416,-1.518574783,2.102712181,0.799745281,1.850000000,0.000000000,0.487763304,0.712236696
3.176734270,12.451618659,-1.446114521,2.170172017,0.773149064,1.850000000,0.000000000,0.497778527,0.702221473
3.262591953,12.400859367,-1.376866473,2.235407860,0.747797699,1.850000000,0.000000000,0.508609971,0.691390029
3.348449636,12.345765385,-1.311015005,2.298422748,0.721289203,1.850000000,0.000000000,0.520042056,0.679957944
3.434307319,12.286704814,-1.248696834,2.359126912,0.693846712,1.850000000,0.000000000,0.531847455,0.668152545
3.520165002,12.224041528,-1.190002953,2.417418830,0.664978404,1.850000000,0.000000000,0.543788931,0.656211069
3.606022684,12.158133433,-1.134978069,2.473163046,0.634383182,1.850000000,0.000000000,0.555615956,0.644384044
3.691880367,12.089329428,-1.083620637,2.526198302,0.601761782,1.850000000,0.000000000,0.567062893,0.632937107
3.777738050,12.017966508,-1.035883032,2.576341306,0.566900585,1.850000000,0.000000000,0.577847355,0.622152645
3.863595733,11.944366679,-0.991672325,2.623395770,0.529711870,1.850000000,0.000000000,0.587669480,0.612330520
3.949453416,11.868833838,-0.950852047,2.667165686,0.490291537,1.850000000,0.000000000,0.596212533,0.603787467
4.035311099,11.791650708,-0.913245383,2.707474983,0.449010258,1.850000000,0.000000000,0.603145402,0.596854598
4.121168782,11.713075939,-0.878640468,2.744189915,0.406485201,1.850000000,0.000000000,0.608127813,0.591872187
4.207026465,11.633341808,-0.846797591,2.777259595,0.364031259,1.850000000,0.000000000,0.610818105,0.589181895
4.292884148,11.552651701,-0.817461413,2.806697768,0.321839230,1.850000000,0.000000000,0.610887218,0.589112782
4.378741831,11.471181982,-0.790365442,2.832880736,0.288163578,1.850000000,0.000000000,0.608023779,0.591976221
4.464599514,11.389066348,-0.765292761,2.858626399,0.311653320,1.850000000,0.000000000,0.602003940,0.597996060
4.550457197,11.306310923,-0.742426114,2.888435435,0.382848934,1.850000000,0.000000000,0.593031775,0.606968225
4.636314880,11.222845266,-0.722290086,2.924958713,0.468215991,1.850000000,0.000000000,0.581732446,0.618267554
4.722172563,11.138645846,-0.705525095,2.957009934,0.278564712,1.850000000,0.000000000,0.568632807,0.631367193
4.808030246,11.054061537,-0.690776816,2.964426206,-0.105758945,1.850000000,0.000000000,0.554103018,0.645896982
4.893887929,10.969617822,-0.675261701,2.957617034,-0.052854939,1.850000000,0.000000000,0.538598843,0.661401157
4.979745612,10.885244786,-0.659363431,2.955970563,0.014500939,1.850000000,0.000000000,0.522697803,0.677302197
5.065603295,10.800852152,-0.643570244,2.960152119,0.082906613,1.850000000,0.000000000,0.506905616,0.693094384
5.151460978,10.716349259,-0.628378169,2.970192085,0.150973921,1.850000000,0.000000000,0.491712292,0.708287708
5.237318661,10.631656393,-0.614282626,2.986148968,0.220754323,1.850000000,0.000000000,0.477620837,0.722379163
5.323176344,10.546712135,-0.601794694,3.006444392,0.252055723,1.850000000,0.000000000,0.465120150,0.734879850
5.409034027,10.461517293,-0.591147596,3.026390816,0.212623645,1.850000000,0.000000000,0.454678575,0.745321425
5.494891710,10.376142041,-0.582057314,3.043200684,0.178976107,1.850000000,0.000000000,0.446873611,0.753126389
5.580749393,10.290637701,-0.574279949,3.057605611,0.156591652,1.850000000,0.000000000,0.442551842,0.757448158
5.666607076,10.205036042,-0.567652742,3.071754124,0.173003903,1.850000000,0.000000000,0.442544028,0.757455972
5.752464759,10.119345754,-0.562297684,3.087046414,0.183237840,1.850000000,0.000000000,0.447761839,0.752238161
5.838322442,10.033581813,-0.558291272,3.098004604,0.072036697,1.850000000,0.000000000,0.458708710,0.741291290
5.924180124,9.947794479,-0.554815360,3.098921005,-0.050689176,1.850000000,0.000000000,0.474577188,0.725422812
6.010037807,9.862023153,-0.550966135,3.091572557,-0.120491161,1.850000000,0.000000000,0.494132754,0.705867246
6.095895490,9.776296247,-0.546229840,3.080221350,-0.143935287,1.850000000,0.000000000,0.516307660,0.683692340
6.181753173,9.690634387,-0.540434557,3.068281522,-0.134203747,1.850000000,0.000000000,0.540255227,0.659744773
6.267610856,9.605044966,-0.533652675,3.058108130,-0.102784328,1.850000000,0.000000000,0.565316886,0.634683114
6.353468539,9.519518722,-0.526115766,3.051248634,-0.057005197,1.850000000,0.000000000,0.590965217,0.609034783
6.439326222,9.434030397,-0.518160358,3.048783988,-0.000407426,1.850000000,0.000000000,0.616750512,0.583249488
6.525183905,9.348542351,-0.510201960,3.051602642,0.066066604,1.850000000,0.000000000,0.642255822,0.557744178
6.611041588,9.263010537,-0.502728600,3.060560547,0.142607029,1.850000000,0.000000000,0.667055603,0.532944397
6.696899271,9.177393669,-0.496302988,3.076480866,0.228269851,1.850000000,0.000000000,0.690667826,0.509332174
6.782756954,9.091667479,-0.491556355,3.099865635,0.316532827,1.850000000,0.000000000,0.712483081,0.487516919
6.868614637,9.005844428,-0.489140592,3.130038656,0.386471597,1.850000000,0.000000000,0.731645572,0.468354428
6.954472320,8.919988979,-0.489572693,-3.119451990,0.398620241,1.850000000,0.000000000,0.746860799,0.453139201
7.040330003,8.834199033,-0.492941556,-3.088691233,0.318085496,1.850000000,0.000000000,0.756229317,0.443770683
7.126187686,8.748531849,-0.498651490,-3.060485038,0.339081446,1.850000000,0.000000000,0.757511068,0.442488932
7.212045369,8.663068319,-0.506852077,-3.025917791,0.466368920,1.850000000,0.000000000,0.750409091,0.449590909
7.297903052,8.578001851,-0.518465980,-2.984220106,0.505323657,1.850000000,0.000000000,0.736855958,0.463144042
7.383760735,8.493518380,-0.533757061,-2.942486871,0.467196014,1.850000000,0.000000000,0.718866383,0.481133617
7.469618418,8.409714988,-0.552422776,-2.905350747,0.398129290,1.850000000,0.000000000,0.697908695,0.502091305
7.555476101,8.326597823,-0.573941047,-2.874202686,0.327599248,1.850000000,0.000000000,0.674965676,0.525034324
7.641333784,8.244118373,-0.597788003,-2.848703678,0.266467731,1.850000000,0.000000000,0.650727322,0.549272678
7.727191467,8.162205909,-0.623515360,-2.827963339,0.216709870,1.850000000,0.000000000,0.625726331,0.574273669
7.813049150,8.080786237,-0.650762151,-2.811062854,0.177000111,1.850000000,0.000000000,0.600417638,0.599582362
7.898906833,7.999790007,-0.679243006,-2.797232351,0.145185714,1.850000000,0.000000000,0.575225355,0.624774645
7.984764516,7.919155084,-0.708731228,-2.785881405,0.119234574,1.850000000,0.000000000,0.550574692,0.649425308
8.070622199,7.838826268,-0.739043343,-2.776586678,0.097284139,1.850000000,0.000000000,0.526919498,0.673080502
8.156479882,7.758753430,-0.770025337,-2.769027657,0.078800601,1.850000000,0.000000000,0.504770372,0.695229628
8.242337564,7.678892065,-0.801548344,-2.763009920,0.061379821,1.850000000,0.000000000,0.484736640,0.715263360
8.328195247,7.599197880,-0.833491794,-2.758101011,0.052970711,1.850000000,0.000000000,0.467563435,0.732436565
8.414052930,7.519649856,-0.865797330,-2.756472510,-0.015035625,1.850000000,0.000000000,0.454256066,0.745743934
8.499910613,7.440060291,-0.898000109,-2.765826618,-0.202877035,1.850000000,0.000000000,0.445643908,0.754356092
8.585768296,7.359922536,-0.928811605,-2.795279586,-0.483411731,1.850000000,0.000000000,0.441954225,0.758045775
8.671625979,7.278577421,-0.956272154,-2.847481156,-0.733438231,1.850000000,-0.751995264,0.442912315,0.757087685
8.757483662,7.195671638,-0.978562535,-2.920586452,-0.971648848,1.814764684,-1.831945591,0.448310653,0.751689347
8.843341345,7.111201332,-0.993877574,-3.008264312,-1.074258938,1.725919364,0.724943383,0.457268039,0.742731961
8.929199028,7.025680322,-1.001362456,-3.098485606,-1.031166502,1.761613343,1.858997471,0.468697523,0.731302477
9.015056711,6.939829097,-1.001269505,3.102227500,-0.892890744,1.850000000,0.000000000,0.481566373,0.718433627
9.100914394,6.854233506,-0.994609938,3.032776257,-0.726689487,1.850000000,0.000000000,0.495111072,0.704888928
9.186772077,6.769217200,-0.982630507,2.977126338,-0.570545890,1.850000000,0.000000000,0.508798261,0.691201739
9.272629760,6.684888141,-0.966504461,2.933899021,-0.436830871,1.850000000,0.000000000,0.522223414,0.677776586
9.358487443,6.601222448,-0.947228556,2.901165019,-0.325871148,1.850000000,0.000000000,0.535036678,0.664963322
9.444345126,6.518128517,-0.925620005,2.877147529,-0.233674365,1.850000000,0.000000000,0.546900716,0.653099284
9.530202809,6.435484683,-0.902348940,2.860333038,-0.158034357,1.850000000,0.000000000,0.557472162,0.642527838
9.616060492,6.353164233,-0.877958757,2.849796544,-0.087413566,1.850000000,0.000000000,0.566379165,0.633620835
9.701918175,6.271029095,-0.852951433,2.846613406,0.013263343,1.850000000,0.000000000,0.573282782,0.626717218
9.787775858,6.188865499,-0.828037646,2.852868296,0.132443900,1.850000000,0.000000000,0.578131305,0.621868695
9.873633541,6.106423987,-0.804059753,2.868599179,0.234020350,1.850000000,0.000000000,0.581092601,0.618907399
9.959491224,6.023517496,-0.781742921,2.892140538,0.314428585,1.850000000,0.000000000,0.582322439,0.617677561
10.045348907,5.940038972,-0.761671773,2.921349799,0.366106767,1.850000000,0.000000000,0.581984641,0.618015359
10.131206590,5.855971052,-0.744233555,2.953543131,0.383980142,1.850000000,0.000000000,0.580244730,0.619755270
10.217064273,5.771374126,-0.729575194,2.985732338,0.366010591,1.850000000,0.000000000,0.577269459,0.622730541
10.302921956,5.686358425,-0.717581513,3.014939760,0.314481841,1.850000000,0.000000000,0.573223231,0.626776769
10.388779639,5.601049893,-0.707887047,3.038504146,0.234503549,1.850000000,0.000000000,0.568265321,0.631734679
10.474637322,5.515563406,-0.699911872,3.054356081,0.134780865,1.850000000,0.000000000,0.562548809,0.637451191
10.560495005,5.429990302,-0.692926424,3.061043615,0.021004722,1.850000000,0.000000000,0.556220499,0.643779501
10.646352687,5.344404806,-0.686095317,3.060603707,-0.031252149,1.850000000,0.000000000,0.549435315,0.650564685
10.732210370,5.258837956,-0.679034589,3.058588602,-0.015688480,1.850000000,0.000000000,0.542368165,0.657631835
10.818068053,5.173280670,-0.671858610,3.058288899,0.008707071,1.850000000,0.000000000,0.535194497,0.664805503
10.903925736,5.087718073,-0.664746595,3.059903178,0.028896570,1.850000000,0.000000000,0.528079436,0.671920564
10.989783419,5.002138036,-0.657846876,3.063559614,0.056278090,1.850000000,0.000000000,0.521189417,0.678810583
11.075641102,4.916525704,-0.651360753,3.067848171,0.043621793,1.850000000,0.000000000,0.514668758,0.685331242
11.161498785,4.830890292,-0.645195358,3.083138371,0.312586681,1.850000000,0.000000000,0.508627650,0.691372350
11.247356468,4.745115822,-0.641329684,3.125724558,0.679998883,1.850000000,0.000000000,0.503145169,0.696854831
11.333214151,4.659270316,-0.642471847,-3.097104902,0.726950626,1.850000000,0.000000000,0.498130547,0.701869453
11.419071834,4.573653364,-0.648962700,-3.035895795,0.700032873,1.850000000,0.000000000,0.493457813,0.706542187
11.504929517,4.488585637,-0.660580166,-2.975730283,0.702484210,1.850000000,0.000000000,0.489089119,0.710910881
11.590787200,4.404369712,-0.677300829,-2.915735311,0.696101968,1.850000000,0.000000000,0.485010077,0.714989923
11.676644883,4.321302792,-0.699018050,-2.856161104,0.692637845,1.850000000,0.000000000,0.481200148,0.718799852
11.762502566,4.239671928,-0.725630447,-2.796911670,0.688527803,1.850000000,0.000000000,0.477641313,0.722358687
11.848360249,4.159754696,-0.757015815,-2.737997784,0.684800761,1.850000000,0.000000000,0.474315363,0.725684637
11.934217932,4.081818255,-0.793039831,-2.679400143,0.681145684,1.850000000,0.000000000,0.471204652,0.728795348
12.020075615,4.006118929,-0.833554457,-2.621109555,0.677632106,1.850000000,0.000000000,0.468291828,0.731708172
12.105933298,3.932901675,-0.878399332,-2.563115262,0.674228812,1.850000000,0.000000000,0.465559860,0.734440140
12.191790981,3.862399636,-0.927402355,-2.505408266,0.670925300,1.850000000,0.000000000,0.462992000,0.737008000
12.277648664,3.794833680,-0.980380469,-2.447980105,0.667719841,1.850000000,0.000000000,0.460571732,0.739428268
12.363506347,3.730412065,-1.037140470,-2.390823255,0.664592044,1.850000000,0.000000000,0.458282810,0.741717190
12.449364030,3.669330009,-1.097479741,-2.333923385,0.661721205,1.850000000,0.000000000,0.456109167,0.743890833
12.535221713,3.611770391,-1.161187994,-2.277168439,0.661208938,1.850000000,0.000000000,0.454036274,0.745963726
12.621079396,3.557915780,-1.228057555,-2.220399080,0.662057228,1.850000000,0.000000000,0.452066632,0.747933368
12.706937079,3.507944557,-1.297876874,-2.163553129,0.662995644,1.850000000,0.000000000,0.450212413,0.749787587
12.792794762,3.462023727,-1.370424473,-2.106619850,0.664096544,1.850000000,0.000000000,0.448486062,0.751513938
12.878652445,3.420309055,-1.445469378,-2.049613081,0.664706112,1.850000000,0.000000000,0.446900848,0.753099152
12.964510127,3.382939680,-1.522770562,-1.992466617,0.667367716,1.850000000,0.000000000,0.445465900,0.754534100
13.050367810,3.350055912,-1.602082567,-1.935376381,0.663370845,1.850000000,0.000000000,0.444205132,0.755794868
13.136225493,3.321736493,-1.683139098,-1.877666427,0.681862739,1.850000000,0.000000000,0.443092752,0.756907248
13.222083176,3.298205561,-1.765710342,-1.817743272,0.715009539,1.850000000,0.000000000,0.442267987,0.757732013
13.307940859,3.279780560,-1.849569916,-1.757658376,0.685654039,1.850000000,0.000000000,0.441977062,0.758022938
13.393798542,3.266317773,-1.934368317,-1.700879579,0.637835673,1.850000000,0.000000000,0.442004685,0.757995315
13.479656225,3.257513995,-2.019774975,-1.645921862,0.643139889,1.850000000,0.000000000,0.441999196,0.758000804
13.565513908,3.253434337,-2.105537666,-1.590746629,0.642924592,1.850000000,0.000000000,0.441999629,0.758000371
13.651371591,3.254089681,-2.191394387,-1.535800848,0.637772305,1.850000000,0.000000000,0.442004385,0.757995615
13.737229274,3.259440274,-2.277087966,-1.478588064,0.695847981,1.850000000,0.000000000,0.441975572,0.758024428
13.823086957,3.269894246,-2.362309086,-1.417433071,0.729799038,1.850000000,0.000000000,0.442340267,0.757659733
13.908944640,3.285659649,-2.446708059,-1.356226082,0.697045385,1.850000000,0.000000000,0.443347360,0.756652640
13.994802323,3.306441847,-2.530016326,-1.297115764,0.680876974,1.850000000,0.000000000,0.444753083,0.755246917
14.080660006,3.332051829,-2.611966709,-1.238661489,0.681699576,1.850000000,0.000000000,0.446434549,0.753565451
14.166517689,3.362408919,-2.692281150,-1.180495281,0.674177677,1.850000000,0.000000000,0.448393077,0.751606923
14.252375372,3.397358122,-2.770705656,-1.122869494,0.669073129,1.850000000,0.000000000,0.450567557,0.749432443
14.338233055,3.436749454,-2.846995878,-1.065709283,0.663316497,1.850000000,0.000000000,0.452914124,0.747085876
14.424090738,3.480416543,-2.920921761,-1.009034450,0.657743152,1.850000000,0.000000000,0.455383428,0.744616572
14.509948421,3.528183950,-2.992266816,-0.952840415,0.652096198,1.850000000,0.000000000,0.457927051,0.742072949
14.595806104,3.579866379,-3.060828870,-0.897132081,0.646408063,1.850000000,0.000000000,0.460495687,0.739504313
14.681663787,3.635270104,-3.126420362,-0.841914515,0.640643423,1.850000000,0.000000000,0.463039552,0.736960448
14.767521470,3.694193876,-3.188868686,-0.787195102,0.634783246,1.850000000,0.000000000,0.465508262,0.734491738
14.853379153,3.756429984,-3.248016459,-0.732982822,0.628809373,1.850000000,0.000000000,0.467850862,0.732149138
14.939236836,3.821765316,-3.303721714,-0.679288056,0.622707289,1.850000000,0.000000000,0.470015854,0.729984146
15.025094519,3.889982448,-3.355858010,-0.626122439,0.616462264,1.850000000,0.000000000,0.471951270,0.728048730
15.110952202,3.960860734,-3.404314483,-0.573498282,0.610073255,1.850000000,0.000000000,0.473604749,0.726395251
15.196809885,4.034177428,-3.448995737,-0.521429534,0.603503009,1.850000000,0.000000000,0.474923733,0.725076267
15.282667567,4.109708681,-3.489821907,-0.469926637,0.596870934,1.850000000,0.000000000,0.475855382,0.724144618
15.368525250,4.187230984,-3.526727599,-0.419013531,0.589742454,1.850000000,0.000000000,0.476347719,0.723652281
15.454382933,4.266520896,-3.559664479,-0.368640954,0.584258256,1.850000000,0.000000000,0.476346487,0.723653513
15.540240616,4.347362087,-3.588586321,-0.318381579,0.587104916,1.850000000,0.000000000,0.475811696,0.724188304
15.626098299,4.429556756,-3.613400155,-0.267639603,0.595510017,1.850000000,0.000000000,0.474764963,0.725235037
15.711955982,4.512912498,-3.633983323,-0.216116540,0.605345386,1.850000000,0.000000000,0.473275843,0.726724157
15.797813665,4.597222731,-3.650210429,-0.164019933,0.608857401,1.850000000,0.000000000,0.471409048,0.728590952
15.883671348,4.682269353,-3.662013032,-0.110959190,0.627906873,1.850000000,0.000000000,0.469234468,0.730765532
15.969529031,4.767821185,-3.669217966,-0.061658748,0.521064415,1.850000000,0.000000000,0.466796963,0.733203037
16.055386714,4.853615627,-3.672591438,-0.036949867,0.054749338,1.850000000,0.000000000,0.464070602,0.735929398
16.141244397,4.939420983,-3.675561443,-0.034997888,-0.009280908,1.850000000,0.000000000,0.461103496,0.738896504
16.227102080,5.025225164,-3.678599863,-0.035219578,0.004116684,1.850000000,0.000000000,0.458065158,0.741934842
16.312959763,5.111030053,-3.681607942,-0.034377136,0.015507443,1.850000000,0.000000000,0.455057052,0.744942948
16.398817446,5.196838978,-3.684501779,-0.032555193,0.026933631,1.850000000,0.000000000,0.452163223,0.747836777
16.484675129,5.282654333,-3.687197178,-0.029751809,0.038369516,1.850000000,0.000000000,0.449467821,0.750532179
16.570532812,5.368478108,-3.689609861,-0.025968480,0.049760991,1.850000000,0.000000000,0.447055139,0.752944861
16.656390495,5.454311412,-3.691655854,-0.021196562,0.061398360,1.850000000,0.000000000,0.445009146,0.754990854
16.742248178,5.540154281,-3.693249351,-0.015466557,0.072079343,1.850000000,0.000000000,0.443415649,0.756584351
16.828105861,5.626005442,-3.694311581,-0.008650399,0.086700442,1.850000000,0.000000000,0.442353419,0.757646581
16.913963544,5.711861949,-3.694734728,-0.001218927,0.086412800,1.850000000,0.000000000,0.441930272,0.758069728
16.999821227,5.797719485,-3.694520888,0.005689967,0.074527338,1.850000000,0.000000000,0.442144112,0.757855888
17.085678910,5.883573667,-3.693757683,0.012104059,0.074885978,1.850000000,0.000000000,0.442907317,0.757092683
17.171536593,5.969421326,-3.692442497,0.017927659,0.060772166,1.850000000,0.000000000,0.444222503,0.755777497
17.257394276,6.055260878,-3.690679404,0.022814469,0.053063506,1.850000000,0.000000000,0.445985596,0.754014404
17.343251959,6.141091538,-3.688525253,0.026977438,0.043910575,1.850000000,0.000000000,0.448139747,0.751860253
17.429109642,6.226913458,-3.686047533,0.030371208,0.035145322,1.850000000,0.000000000,0.450617467,0.749382533
17.514967325,6.312727514,-3.683310858,0.033008456,0.026287796,1.850000000,0.000000000,0.453354142,0.746645858
17.600825008,6.398535175,-3.680380507,0.034886590,0.017462158,1.850000000,0.000000000,0.456284493,0.743715507
17.686682690,6.484338347,-3.677321511,0.036006876,0.008634208,1.850000000,0.000000000,0.459343489,0.740656511
17.772540373,6.570139228,-3.674198909,0.036369409,-0.000189226,1.850000000,0.000000000,0.462466091,0.737533909
17.858398056,6.655940159,-3.671077701,0.035974283,-0.009014992,1.850000000,0.000000000,0.465587299,0.734412701
17.944255739,6.741743480,-3.668022905,0.034821589,-0.017836281,1.850000000,0.000000000,0.468642095,0.731357905
18.030113422,6.827551379,-3.665099509,0.032910267,-0.026686802,1.850000000,0.000000000,0.471565491,0.728434509
18.115971105,6.913365749,-3.662372730,0.030242607,-0.035454718,1.850000000,0.000000000,0.474292270,0.725707730
18.201828788,6.999188024,-3.659907187,0.026823161,-0.044199314,1.850000000,0.000000000,0.476757813,0.723242187
18.287686471,7.085019030,-3.657767342,0.022898568,-0.047221868,1.850000000,0.000000000,0.478897658,0.721102342
18.373544154,7.170858011,-3.655975503,0.018914063,-0.045594949,1.850000000,0.000000000,0.480689497,0.719310503
18.459401837,7.256703348,-3.654519707,0.015086772,-0.043559627,1.850000000,0.000000000,0.482145293,0.717854707
18.545259520,7.342553530,-3.653384975,0.011431217,-0.041594436,1.850000000,0.000000000,0.483280025,0.716719975
18.631117203,7.428407217,-3.652556837,0.007945205,-0.039610202,1.850000000,0.000000000,0.484108163,0.715891837
18.716974886,7.514263223,-3.652020677,0.004629479,-0.037627715,1.850000000,0.000000000,0.484644323,0.715355677
18.802832569,7.600120515,-3.651761888,0.001484059,-0.035642974,1.850000000,0.000000000,0.484903112,0.715096888
18.888690252,7.685978196,-3.651765842,-0.001490915,-0.033657290,1.850000000,0.000000000,0.484899158,0.715100842
18.974547935,7.771835507,-3.652017901,-0.004295370,-0.031670816,1.850000000,0.000000000,0.484647099,0.715352901
19.060405618,7.857691816,-3.652503420,-0.006929252,-0.029683870,1.850000000,0.000000000,0.484161580,0.715838420
19.146263301,7.943546609,-3.653207749,-0.009392531,-0.027696703,1.850000000,0.000000000,0.483457251,0.716542749
19.232120984,8.029399485,-3.654116237,-0.011685192,-0.025709443,1.850000000,0.000000000,0.482548763,0.717451237
19.317978667,8.115250146,-3.655214230,-0.013807252,-0.023722635,1.850000000,0.000000000,0.481450770,0.718549230
19.403836350,8.201098392,-3.656487078,-0.015758676,-0.021734579,1.850000000,0.000000000,0.480177922,0.719822078
19.489694033,8.286944114,-3.657920123,-0.017539716,-0.019753642,1.850000000,0.000000000,0.478744877,0.721255123
19.575551716,8.372787283,-3.659498761,-0.019148387,-0.017719355,1.850000000,0.000000000,0.477166239,0.722833761
19.661409399,8.458627950,-3.661207994,-0.020567671,-0.015341970,1.850000000,0.000000000,0.475457006,0.724542994
19.747267082,8.544466292,-3.663030296,-0.021772129,-0.012715130,1.850000000,0.000000000,0.473634704,0.726365296
19.833124765,8.630302593,-3.664946307,-0.022751566,-0.010100226,1.850000000,0.000000000,0.471718693,0.728281307
19.918982448,8.716137200,-3.666936752,-0.023506294,-0.007480682,1.850000000,0.000000000,0.469728248,0.730271752
20.004840130,8.801970512,-3.668982327,-0.024036192,-0.004862966,1.850000000,0.000000000,0.467682673,0.732317327
20.090697813,8.887802962,-3.671063738,-0.024341334,-0.002245108,1.850000000,0.000000000,0.465601262,0.734398738
20.176555496,8.973635009,-3.673161695,-0.024421722,0.000372520,1.850000000,0.000000000,0.463503305,0.736496695
20.262413179,9.059467123,-3.675256906,-0.024277365,0.002990192,1.850000000,0.000000000,0.461408094,0.738591906
20.348270862,9.145299772,-3.677330082,-0.023908252,0.005608040,1.850000000,0.000000000,0.459334918,0.740665082
20.434128545,9.231133409,-3.679361930,-0.023314369,0.008226100,1.850000000,0.000000000,0.457303070,0.742696930
20.519986228,9.316968460,-3.681333155,-0.022495673,0.010844909,1.850000000,0.000000000,0.455331845,0.744668155
20.605843911,9.402805310,-3.683224456,-0.021452164,0.013462954,1.850000000,0.000000000,0.453440544,0.746559456
20.691701594,9.488644287,-3.685016538,-0.020183641,0.016086505,1.850000000,0.000000000,0.451648462,0.748351538
20.777559277,9.574485658,-3.686690061,-0.018690641,0.018691988,1.850000000,0.000000000,0.449974939,0.750025061
20.863416960,9.660329605,-3.688225820,-0.016970969,0.021366710,1.850000000,0.000000000,0.448439180,0.751560820
20.949274643,9.746176224,-3.689604096,-0.015046495,0.023462727,1.850000000,0.000000000,0.447060904,0.752939096
21.035132326,9.832025443,-3.690809436,-0.013043518,0.023195373,1.850000000,0.000000000,0.445855564,0.754144436
21.120990009,9.917876896,-3.691843804,-0.011108845,0.021871647,1.850000000,0.000000000,0.444821196,0.755178804
21.206847692,10.003730135,-3.692716955,-0.009300569,0.020251017,1.850000000,0.000000000,0.443948045,0.756051955
21.292705375,10.089584774,-3.693440831,-0.007573336,0.019983805,1.850000000,0.000000000,0.443224169,0.756775831
21.378563058,10.175440501,-3.694017400,-0.006081632,0.014764479,1.850000000,0.000000000,0.442647600,0.757352400
21.464420741,10.261296954,-3.694485134,-0.003740335,0.039774680,1.850000000,0.000000000,0.442179866,0.757820134
21.550278424,10.347154402,-3.694659670,-0.001053261,0.022819081,1.850000000,0.000000000,0.442005329,0.757994671
21.636136107,10.433012107,-3.694665995,-0.000029842,0.001020856,1.850000000,0.000000000,0.441999007,0.758000993
21.721993790,10.518869785,-3.694664795,0.000005895,-0.000188393,1.850000000,0.000000000,0.442000197,0.757999803
21.807851473,10.604727469,-3.694664983,-0.000002346,-0.000003578,1.850000000,0.000000000,0.442000043,0.757999957
21.893709156,10.690585152,-3.694665198,0.000003431,0.000138154,1.850000000,0.000000000,0.441999720,0.758000280
21.979566839,10.776442834,-3.694664394,-0.000008004,-0.000404526,1.850000000,0.000000000,0.442000847,0.757999153
22.065424522,10.862300520,-3.694666572,0.000722838,0.017429030,1.850000000,0.000000000,0.441997806,0.758002194
22.151282205,10.948158101,-3.694540271,0.002392676,0.021468815,1.850000000,0.000000000,0.442125908,0.757874092
22.237139888,11.034015318,-3.694255713,0.003551412,0.005523221,1.850000000,0.000000000,0.442409405,0.757590595
