index,s_m,center_x_m,center_y_m,w_left_m,w_right_m,left_boundary_x_m,left_boundary_y_m,right_boundary_x_m,right_boundary_y_m
0,0.000000000,0.106150512,0.173393754,0.664274032,0.685098398,0.173580840,0.816263752,0.043566609,-0.496632407
1,0.336261566,0.442235637,0.184285495,0.656495945,0.672858143,0.539967264,0.841789448,0.424205692,-0.478414891
2,0.672521933,0.778374201,0.193335349,0.645385438,0.656974040,0.906619897,0.824327006,0.802506356,-0.431858857
3,1.008781743,1.114590844,0.198723192,0.629610932,0.639343635,1.270783762,0.776101790,1.182080445,-0.397725351
4,1.345042216,1.450845908,0.200630517,0.612531805,0.623927178,1.636580452,0.743834601,1.562180006,-0.369227362
5,1.681303124,1.787105921,0.199854905,0.598861765,0.613788541,2.003856006,0.746524529,1.942938233,-0.360699808
6,2.017564232,2.123353757,0.196867276,0.591012077,0.608929587,2.371157265,0.752050605,2.323085532,-0.388518243
7,2.353825688,2.459583994,0.192285326,0.588134875,0.606635877,2.738509252,0.752134639,2.704120855,-0.397211557
8,2.690087270,2.795808991,0.187325227,0.587411192,0.603680551,3.105851487,0.749529742,3.085291068,-0.395736271
9,3.026348450,3.132047751,0.183442162,0.585771435,0.598382331,3.473197244,0.747442474,3.465979718,-0.377822085
10,3.362607987,3.468305866,0.182464474,0.581198663,0.591214647,3.840325533,0.735752598,3.846288758,-0.352584776
11,3.698864081,3.804531798,0.186968128,0.573418640,0.584010463,4.207501890,0.732852821,4.227221775,-0.339381401
12,4.035120040,4.140589568,0.198511332,0.563581375,0.578494252,4.574471032,0.749309608,4.606110867,-0.298380620
13,4.371380386,4.476434306,0.215224566,0.553016889,0.575293052,4.941802657,0.752370868,4.986935518,-0.292927396
14,4.707641838,4.812231679,0.232884925,0.542323641,0.574087325,5.309155146,0.752436001,5.368078471,-0.297052426
15,5.043902792,5.148123111,0.248644839,0.531719767,0.574193869,5.676507649,0.752442069,5.749112767,-0.288422092
16,5.380164132,5.484098967,0.262498122,0.521930714,0.574919528,6.043858584,0.753206683,6.128829494,-0.255447838
17,5.716425293,5.820133271,0.274847817,0.514336725,0.576082225,6.410994889,0.764413896,6.509498544,-0.246802503
18,6.052684669,6.156263661,0.284160681,0.510244171,0.578486336,6.777774911,0.784123859,6.889160798,-0.280483242
19,6.388943175,6.492493413,0.288557975,0.510300401,0.583265486,7.144980853,0.775249796,7.270002224,-0.276496665
20,6.725204556,6.828753328,0.289550876,0.515068722,0.590950217,7.510696081,0.803022726,7.649972004,-0.246185895
21,7.061461642,7.164993412,0.292932268,0.526222452,0.602631421,7.863502136,0.902876379,8.029730992,-0.213378133
22,7.397704364,7.500993816,0.305695340,0.546305679,0.622756105,8.172684072,1.097512350,8.409418328,-0.179703228
23,7.733927161,7.836061912,0.333536686,0.576173438,0.659130145,8.361367610,1.406941554,8.789498661,-0.151132847
24,8.070092199,8.168479821,0.383589329,0.612189089,0.716687120,8.337839190,1.769236749,9.169811481,-0.125973006
25,8.405982324,8.492372538,0.472559456,0.646139383,0.788388813,8.216267257,2.115815800,9.547449608,-0.075141179
26,8.740489408,8.783005873,0.638171214,0.668920367,0.853139039,8.098003518,2.463572611,9.875650820,0.097716057
27,9.072899239,8.968223491,0.914197896,0.676125645,0.887229223,7.985694524,2.813318504,9.954229775,0.465961747
28,9.407762597,9.019689139,1.245082704,0.671429636,0.881278656,7.862371121,3.159342907,9.948720221,0.846988156
29,9.743747115,8.998092640,1.580372411,0.664198951,0.846086929,7.769268457,3.514430844,9.897268266,1.224345968
30,10.079918997,8.941005727,1.911661738,0.662604060,0.802059215,7.695441493,3.874275500,9.808247553,1.594913059
31,10.416130938,8.861029727,2.238223078,0.668515276,0.763950858,7.636879960,4.236479242,9.687696362,1.956407712
32,10.752371944,8.764810561,2.560402975,0.678696278,0.734398127,7.669430790,4.601393457,9.575911053,2.320680216
33,11.088632481,8.661016716,2.880243540,0.689780922,0.708018871,7.762021683,4.956709399,9.467126991,2.685936005
34,11.424884634,8.560091623,3.200992095,0.701301207,0.679101788,7.885970750,5.302474207,9.339263277,3.045015826
35,11.761093221,8.473293841,3.525803362,0.714475844,0.646919428,8.014229228,5.646707628,9.205421785,3.401914334
36,12.097222030,8.412889298,3.856460083,0.728969775,0.616961061,8.152437162,5.987042684,9.065185020,3.756351796
37,12.433274040,8.389864882,4.191722413,0.741350744,0.598160799,8.305009604,6.321169140,8.958779972,4.121756110
38,12.769308314,8.409683399,4.527171752,0.747292548,0.597614970,8.466498584,6.651101399,8.970709494,4.500127012
39,13.105382196,8.470752302,4.857650562,0.745525202,0.616327717,8.612917314,6.988004013,9.112295451,4.852996804
40,13.441515308,8.566858536,5.179751572,0.739090978,0.649046275,8.765295668,7.322250163,9.299548039,5.184975869
41,13.777704490,8.689950756,5.492595737,0.732449826,0.687871578,8.861310844,7.675046829,9.496491285,5.511317160
42,14.113937979,8.831322261,5.797664674,0.727732835,0.726598403,8.820715593,8.038628311,9.701014894,5.832977994
43,14.450196886,8.981659831,6.098444773,0.723619831,0.762903997,8.713919675,8.389974594,9.894064262,6.161544464
44,14.786450587,9.130556960,6.399934734,0.717102741,0.797169015,8.589908805,8.735760827,10.057731977,6.505713673
45,15.122658100,9.266305365,6.707518645,0.706475049,0.828870354,8.462484438,9.080284009,10.209733992,6.855251758
46,15.458792266,9.376964817,7.024915342,0.693941012,0.853924084,8.313076213,9.415754503,10.320212225,7.219400093
47,15.794870532,9.453031240,7.352272181,0.685921852,0.866305752,8.120401211,9.727846713,10.349827535,7.598814426
48,16.130944870,9.490237611,7.686280634,0.689644697,0.862986660,7.852803617,9.976902694,10.319549645,7.978545401
49,16.467056785,9.490114491,8.022392527,0.708228364,0.847435567,7.507405000,10.091920122,10.254519575,8.354060444
50,16.803218752,9.458069731,8.357023669,0.739015743,0.828689908,7.140561648,10.089892448,10.166745947,8.724971561
51,17.139427488,9.401432624,8.688427580,0.776385125,0.817530324,6.779628319,10.024814533,10.084139605,9.097066350
52,17.475669324,9.328386205,9.016639086,0.815096936,0.822701766,6.468376390,9.842700311,10.007307703,9.470420610
53,17.811923226,9.245664347,9.342558985,0.850740077,0.848226469,6.752070847,9.751059885,9.931122473,9.843902121
54,18.148166997,9.154036638,9.666077512,0.878328979,0.890513611,7.103509520,9.685640000,9.867193598,10.219664283
55,18.484309155,9.043050976,9.983368755,0.892061673,0.935319970,7.343522851,9.408730468,9.811740685,10.596780979
56,18.819910436,8.886108974,10.280012359,0.887168433,0.959968202,7.566810860,9.117661500,9.754374057,10.973587624
57,19.154327209,8.650058381,10.516897766,0.862504460,0.945845681,7.885370601,8.940779346,9.637582162,11.333817766
58,19.489187946,8.345564962,10.656237174,0.822413088,0.893474532,8.213722532,8.780630658,9.300035211,11.470402640
59,19.825053193,8.015570247,10.718758786,0.776716496,0.823993226,8.421494173,8.481783199,8.919156585,11.455893011
60,20.161233772,7.680184070,10.741856285,0.737866171,0.764258452,8.542405251,8.135265503,8.538050920,11.448648813
61,20.497476652,7.343978571,10.746869969,0.716139915,0.731582482,8.580501264,7.771558372,8.157628861,11.425447639
62,20.833723609,7.007785616,10.740843963,0.715900761,0.731281248,8.490055139,7.417207725,7.777061145,11.405041005
63,21.169945134,6.672163181,10.720781693,0.734846377,0.762282960,8.318127130,7.092973370,7.395898255,11.402475543
64,21.506068844,6.339084267,10.675642068,0.765528283,0.818841043,8.105086355,6.794071222,7.014720334,11.402353230
65,21.841857857,6.015801443,10.584853977,0.798005369,0.886385446,7.798305521,6.615938043,6.633575032,11.398447076
66,22.176822802,5.724956570,10.418689077,0.823196075,0.941502749,7.439886998,6.692034973,6.253165994,11.375043624
67,22.511441202,5.505518812,10.166069711,0.835820249,0.963498763,7.254587567,6.486995961,5.872715320,11.351970684
68,22.846802542,5.371609504,9.858603412,0.835402679,0.948962510,7.513719507,6.228048257,5.492624894,11.324425261
69,23.182731462,5.302542611,9.529851219,0.825294417,0.913131528,7.674307328,5.920681042,5.121667486,11.241343196
70,23.518899012,5.272298033,9.195046968,0.811045698,0.876106480,7.366831629,5.828176426,4.799584497,11.041020234
71,23.855142270,5.261423982,8.858979588,0.798707779,0.849216711,7.024462235,5.732373272,4.559877405,10.747522577
72,24.191401681,5.258336525,8.522734352,0.792754672,0.833287623,6.763636918,5.474286210,4.489509776,10.376972936
73,24.527663133,5.257664691,8.186473570,0.794225755,0.824961308,6.456469910,5.519824837,4.503896486,9.996083205
74,24.863924726,5.257563397,7.850211993,0.800634371,0.821508614,6.381527030,5.877883142,4.496189191,9.615077887
75,25.200186324,5.257601701,7.513950397,0.808064484,0.821009324,6.338899975,6.242751718,4.468559370,9.234909359
76,25.536447906,5.257856176,7.177688911,0.813816290,0.821217251,6.312229512,6.609048351,4.458131842,8.853923637
77,25.872709329,5.258854571,6.841428971,0.817691963,0.820195686,6.307674622,6.976356809,4.460137600,8.472759522
78,26.208970094,5.261736771,6.505180558,0.821678337,0.817806864,6.307547970,7.343709261,4.474162104,8.091849525
79,26.545230038,5.267854698,6.168976273,0.828936825,0.815178525,6.307548000,7.711061764,4.470010040,7.710815531
80,26.881490740,5.277358439,5.832849901,0.842496816,0.811720092,6.307548002,8.078414268,4.458648946,7.329832058
81,27.217752176,5.287876058,5.496752990,0.863848597,0.803302300,6.307568537,8.445766770,4.459032292,6.948660958
82,27.554008140,5.294649357,5.160565252,0.892193684,0.785050122,6.309098335,8.813113542,4.475454674,6.567904536
83,27.890236769,5.290275378,4.824365075,0.924316029,0.756547315,6.322467918,9.180194748,4.499782199,6.187551164
84,28.226317761,5.259871136,4.489662198,0.954038905,0.723450193,6.276792644,9.537517121,4.488689274,5.806701942
85,28.561573240,5.169211202,4.166897558,0.972742075,0.693669145,6.083866229,9.284462047,4.468052671,5.426180811
86,28.894529416,4.965584668,3.903466258,0.974170360,0.672558108,6.030115142,8.921284138,4.500386633,5.046809542
87,29.228317321,4.662735573,3.763121002,0.959942502,0.661391044,6.010124468,8.554579347,4.543988367,4.668877972
88,29.563396933,4.328905271,3.734212950,0.936628661,0.658564612,6.015028990,8.187314768,4.302814864,4.507357656
89,29.898022291,4.002336591,3.807199441,0.906121623,0.661024729,6.040812187,7.820885899,4.140762348,4.846100837
90,30.231014426,3.735289514,4.006120582,0.863852895,0.665215368,6.056104095,7.453912645,4.082336990,5.222396806
91,30.565384017,3.580302325,4.302400847,0.809105847,0.668268937,6.057530152,7.086565216,4.086066270,5.603212681
92,30.901235536,3.507739593,4.630319879,0.752280980,0.669463017,6.057548726,6.719212714,4.104730427,5.983885771
93,31.237426911,3.473661685,4.964779649,0.708014356,0.670605628,6.057855867,6.351860488,4.100184932,6.364976440
94,31.573679938,3.454835703,5.300505252,0.683405248,0.674117977,6.065341759,5.984617197,4.073473694,6.745198862
95,31.909941004,3.440713480,5.636469635,0.675000526,0.680157435,6.098259666,5.618829041,4.058690783,7.126024981
96,32.246202304,3.428141407,5.972495832,0.674556040,0.686085445,6.151776703,5.255416861,4.057552921,7.507199648
97,32.582462876,3.417827071,6.308598178,0.675293004,0.689187477,6.189803876,4.890366920,4.056779368,7.888376033
98,32.918723695,3.410407601,6.644777133,0.674216053,0.689460140,6.153767440,4.525434466,4.044390200,8.269295155
99,33.254985276,3.404301407,6.980983268,0.671571134,0.689324398,6.097510618,4.162652356,4.016976206,8.649476494
100,33.591246087,3.396774879,7.317159835,0.669651248,0.691142990,6.087647600,3.795488210,4.012049385,9.030526791
101,33.927506920,3.386524347,7.653264394,0.671834713,0.695756246,6.014848373,3.437302851,4.035179913,9.410948224
102,34.263768481,3.374726704,7.989318933,0.681516789,0.703805807,5.789409193,3.153131102,4.058799992,9.791375028
103,34.600030076,3.362911780,8.325372899,0.700637385,0.718429859,5.456373439,3.002885139,4.081390376,10.171859387
104,34.936289489,3.349391408,8.661360387,0.728294941,0.745982662,5.095088384,2.938052996,4.018897397,10.544293355
105,35.272526546,3.327150952,8.996861088,0.760065550,0.791932196,4.728827614,2.912284114,3.730657040,10.780505781
106,35.608663812,3.282694402,9.330045537,0.788466530,0.853415420,4.361995745,2.929256193,3.373570309,10.913682351
107,35.944449532,3.193191894,9.653683221,0.805026421,0.915666959,3.995250997,2.949453524,3.015791530,11.045143922
108,36.279469392,3.028596220,9.945482075,0.803612060,0.959033686,3.627960879,2.955892451,2.657929440,11.176294423
109,36.614265769,2.780133811,10.169881374,0.783290472,0.972598632,3.267135207,3.014666529,2.288523536,11.268695954
110,36.949649601,2.477163769,10.313726668,0.749282935,0.960852009,2.999633454,3.255221585,1.908702544,11.294066959
111,37.285413181,2.149815209,10.388426744,0.711561280,0.937114535,2.889463124,3.603895181,1.530279533,11.252650791
112,37.621332188,1.814345719,10.405799154,0.680982190,0.913172837,2.867472373,3.970064141,1.163269915,11.150742856
113,37.957302202,1.480012379,10.372677135,0.664191134,0.895132498,2.890265090,4.336673188,0.806052137,11.017791676
114,38.293205282,1.154553161,10.289567710,0.660586194,0.883565709,2.892536764,4.703755829,0.452194124,10.876135037
115,38.628803018,0.850568182,10.147374274,0.663822571,0.873147907,2.851825263,5.068760910,0.111373300,10.706066836
116,38.963807674,0.594120648,9.931822003,0.666441453,0.854348518,2.809827694,5.433673803,-0.193379619,10.478632956
117,39.298723073,0.417301974,9.647386631,0.663757960,0.820205300,2.777182289,5.799571458,-0.358052492,10.143343575
118,39.634321293,0.322440108,9.325474543,0.654803103,0.773035588,2.759512686,6.166431119,-0.393136976,9.763818890
119,39.970381643,0.282571769,8.991787453,0.641261831,0.723432644,2.757577856,6.533774648,-0.393043353,9.384045333
120,40.306593067,0.272176508,8.655736772,0.626123118,0.682436419,2.757548000,6.901127148,-0.351578989,9.006199492
121,40.642844070,0.276138705,8.319509114,0.612584753,0.654942948,2.757542244,7.268479651,-0.359397342,8.625461727
122,40.979104867,0.285813377,7.983387522,0.603141472,0.639476183,2.756795865,7.635830649,-0.319841221,8.246462846
123,41.315366130,0.295696764,7.647271536,0.598893329,0.631941494,2.744856931,8.002929435,-0.320814578,7.865331846
124,41.651627224,0.303477093,7.311100465,0.599098743,0.628564295,2.705611401,8.368102663,-0.299063962,7.484818258
125,41.987888765,0.310423759,6.974910686,0.601334255,0.626375394,2.636578347,8.728737215,-0.291475252,7.103778851
126,42.324149460,0.319188970,6.638764250,0.602959997,0.623029626,2.521176169,9.077115782,-0.291675608,6.722602591
127,42.660410781,0.330304020,6.302686681,0.603463569,0.618050443,2.341378510,9.396482008,-0.279496630,6.341679798
128,42.996671517,0.340954805,5.966594666,0.606285667,0.615027067,2.076647234,9.648314617,-0.245881311,5.962000831
129,43.332926761,0.346684145,5.630388235,0.619069763,0.621715712,1.730420691,9.756771487,-0.215425513,5.582089643
130,43.669169525,0.342700773,5.294169068,0.652030323,0.645807879,1.379480319,9.663699094,-0.253002209,5.204385284
131,44.005374817,0.322164829,4.958591545,0.712883136,0.688314018,1.109004570,9.419182273,-0.430173202,4.869848644
132,44.341444188,0.272096324,4.626272772,0.797620042,0.740202166,0.949469799,9.090058017,-0.720941156,4.627097884
133,44.676989709,0.167408426,4.307476221,0.884042777,0.786235197,0.876014306,8.730662684,-1.086813752,4.533339256
134,45.011113852,-0.028801542,4.037031048,0.940557351,0.813930540,0.855039038,8.364048685,-1.451817568,4.625830127
135,45.345252516,-0.317109476,3.868131133,0.949694044,0.820993515,0.855194647,7.996708112,-1.714815027,4.895666250
136,45.680883393,-0.644130229,3.792596283,0.923849652,0.815899613,0.857765206,7.629365047,-1.821148619,5.258613545
137,46.017008739,-0.979259277,3.766735705,0.894882106,0.811548927,0.866221104,7.262143013,-1.768540821,5.632816281
138,46.353210226,-1.315460574,3.767092635,0.888068311,0.816514057,0.892604371,6.895750172,-1.542656213,5.934972083
139,46.689322803,-1.650472953,3.794265598,0.904476949,0.829687333,0.906406652,6.528714939,-1.199820582,6.092628017
140,47.024791448,-1.976012307,3.875280047,0.923054217,0.841647991,0.907535996,6.161365710,-0.824311584,6.153690808
141,47.358196060,-2.252573480,4.061485720,0.918632632,0.841552670,0.907548000,5.794013207,-0.670580328,6.472867207
142,47.692208714,-2.419525519,4.350780501,0.882801453,0.824944966,0.907548000,5.426660704,-0.687719886,6.853633579
143,48.027888919,-2.494286044,4.678029739,0.830621719,0.797791614,0.907548001,5.059308200,-0.689205574,7.234760479
144,48.364002814,-2.519959145,5.013161717,0.787930931,0.774856431,0.907574503,4.691955699,-0.655288617,7.614149895
145,48.700200611,-2.517879770,5.349353083,0.773520703,0.774139633,0.909376632,4.324611052,-0.635294223,7.993621386
146,49.036389644,-2.492892400,5.684612233,0.791892288,0.810526524,0.926230739,3.957707059,-0.666823544,8.373217048
147,49.372495548,-2.438561914,6.016297892,0.836333318,0.889344101,0.949545888,3.591145460,-0.669964110,8.754194007
148,49.708447576,-2.342127642,6.338111808,0.894157229,0.999606935,0.910575305,3.227798249,-0.710686443,9.133084918
149,50.044410446,-2.197331884,6.641270576,0.951027466,1.112416292,0.631381124,3.020261317,-0.712551581,9.514208181
150,50.380653128,-2.023791325,6.929268520,0.995336018,1.192970300,0.265587724,2.988033169,-0.754406212,9.892800047
151,50.716588930,-1.868681525,7.227251426,1.021744688,1.222378641,-0.100914950,2.963552080,-0.843742812,10.262262821
152,51.052218307,-1.774762713,7.549472368,1.032030378,1.209661621,-0.467934000,2.973906387,-1.112175299,10.523226818
153,51.388220439,-1.739725809,7.883642756,1.033367071,1.181947028,-0.834506951,2.997339356,-1.459338342,10.680003996
154,51.724421286,-1.737688836,8.219837432,1.034690787,1.164779142,-1.201808852,3.002284336,-1.814469731,10.818485404
155,52.060648051,-1.753984263,8.555669081,1.041927883,1.169855256,-1.569161283,3.002436081,-2.168850213,10.958857211
156,52.396803356,-1.792333810,8.889629710,1.054386606,1.192425637,-1.936513787,3.002437120,-2.531897171,11.074449120
157,52.732706885,-1.871315262,9.216115714,1.065105690,1.213779673,-2.303865524,3.002935771,-2.904367660,11.154980194
158,53.068267361,-2.012279251,9.520631702,1.065219120,1.210181796,-2.670625211,3.019545004,-3.283039746,11.196203359
159,53.403829464,-2.219073611,9.784900538,1.049093090,1.167863955,-3.007712747,3.151597924,-3.664136320,11.198314774
160,53.739657834,-2.474947091,10.002407909,1.016440835,1.092571778,-3.169185711,3.473296247,-4.044293613,11.171875908
161,54.075653872,-2.761674274,10.177567435,0.970550704,1.003465379,-3.191634597,3.839596644,-4.422789106,11.126773222
162,54.411686631,-3.069030377,10.313399101,0.915419467,0.918252298,-3.192448094,4.206947209,-4.801295872,11.081766424
163,54.747721047,-3.391317666,10.408530755,0.855045385,0.844713605,-3.192452000,4.574299713,-5.181243103,11.051665214
164,55.083811552,-3.722815061,10.463904979,0.794762283,0.783103052,-3.192452000,4.941652216,-5.561405634,11.024009777
165,55.419989707,-4.058162592,10.487522464,0.741632132,0.731936025,-3.192451994,5.309004719,-5.942006258,11.004131099
166,55.756222869,-4.394381338,10.490635986,0.701916990,0.690527782,-3.192388013,5.676357209,-6.322951403,10.991571653
167,56.092476971,-4.730535390,10.482433890,0.677555079,0.658589195,-3.189624665,6.043693012,-6.703114185,10.963859077
168,56.428737198,-5.066519421,10.468807759,0.665497958,0.635486852,-3.175307341,6.410755514,-7.084087221,10.953014707
169,56.764998710,-5.402418800,10.453206110,0.660835432,0.619944246,-3.159900592,6.777737699,-7.465264255,10.952436249
170,57.101260237,-5.738317328,10.437585826,0.660302292,0.609963225,-3.066644742,7.131322125,-7.846441365,10.951883336
171,57.437521125,-6.074284481,10.423533882,0.662936230,0.603245660,-2.908616280,7.462917141,-8.227422218,10.941275868
172,57.773781191,-6.410365469,10.412561119,0.668062359,0.598272320,-2.783852434,7.807974399,-8.607584899,10.913561598
173,58.110042007,-6.746536644,10.404797261,0.673202606,0.595203298,-2.735177300,8.170961900,-8.988523536,10.900846963
174,58.446303559,-7.082732113,10.398131068,0.674493300,0.595520898,-2.790204810,8.533198764,-9.369135880,10.881198903
175,58.782563906,-7.418882363,10.389526997,0.669284562,0.601190763,-2.921006108,8.875833295,-9.749130478,10.851203322
176,59.118823339,-7.754912473,10.377110425,0.657809712,0.615121023,-3.122237130,9.182198635,-10.115217135,10.759211210
177,59.455080980,-8.090730627,10.359924137,0.642754415,0.642524414,-3.387930236,9.434884685,-10.278639984,10.430240506
178,59.791320157,-8.425955769,10.333830295,0.628301007,0.689501130,-3.696842192,9.632881597,-10.272063070,10.049570177
179,60.127412928,-8.758359762,10.284172104,0.618616609,0.756843184,-4.033465533,9.779155103,-10.241867762,9.669621850
180,60.462527880,-9.074683923,10.173532796,0.614847582,0.834261199,-4.390163481,9.862763740,-10.250485075,9.288818384
181,60.794589399,-9.314987345,9.944362298,0.612959393,0.902487298,-4.756141562,9.841754044,-10.282459216,8.909004398
182,61.127736002,-9.404660292,9.623511207,0.605932748,0.941937106,-5.122428519,9.819623164,-10.284387348,8.528050696
183,61.461789395,-9.355094124,9.293155544,0.589666594,0.939811938,-5.489626810,9.822304786,-10.120236933,8.208986324
184,61.794686418,-9.168716917,9.017322325,0.567661903,0.894007107,-5.854672608,9.781759678,-9.742050578,8.192218047
185,62.128641203,-8.876561798,8.855547219,0.549661638,0.816505785,-6.221462237,9.785876980,-9.361121908,8.204969052
186,62.464311106,-8.547725650,8.788159749,0.544398851,0.731264162,-6.587849570,9.780110192,-8.979997810,8.211263055
187,62.800456706,-8.212162495,8.768380121,0.553206917,0.662243278,-6.950762554,9.724056019,-8.598826049,8.209841407
188,63.136697834,-7.875923292,8.769517868,0.570662327,0.620954674,-7.317370488,9.735576668,-8.217738275,8.216142023
189,63.472957357,-7.539791538,8.778786679,0.589717765,0.604838692,-7.684050734,9.746219685,-7.836733120,8.224323893
190,63.809218881,-7.203700907,8.789505839,0.605159001,0.604408457,-8.050599428,9.723744750,-7.455712152,8.215387910
191,64.145480098,-6.867566457,8.798738234,0.614843080,0.610065054,-8.417766324,9.724508752,-7.074995373,8.233022853
192,64.481741687,-6.531406394,8.807000712,0.620643569,0.614754978,-8.702037522,9.534883779,-6.696828182,8.189405467
193,64.818003068,-6.195269065,8.816133758,0.628122308,0.614285500,-8.487479270,9.291578023,-6.316982719,8.189825075
194,65.154264227,-5.859136890,8.825446544,0.644846399,0.606418439,-8.122102185,9.322768118,-5.938915541,8.236898873
195,65.490509290,-5.522906758,8.828615301,0.678709268,0.589497440,-7.755528897,9.310199637,-5.558274701,8.220911972
196,65.826652915,-5.187208134,8.811324549,0.734602408,0.563265045,-7.391743249,9.337915094,-5.179025180,8.250360942
197,66.162358268,-4.857761970,8.746800844,0.808081052,0.531765447,-7.036108619,9.425117159,-4.866342878,8.135878985
198,66.496633078,-4.561107616,8.592736432,0.880721940,0.503349796,-6.671203491,9.390003629,-5.148134646,7.977427368
199,66.828943450,-4.366296730,8.323517373,0.924824632,0.486272902,-6.305317462,9.387212354,-5.525815132,7.996021370
200,67.160734586,-4.343147334,7.992534799,0.918652309,0.485220612,-5.940633856,9.428483046,-5.897710667,7.915830767
201,67.492458703,-4.504141057,7.702497025,0.861618853,0.501205812,-5.574338712,9.403028862,-6.268042058,7.996488558
202,67.826421188,-4.786916685,7.524820673,0.775610258,0.531212922,-5.209886501,9.436710932,-6.644734637,8.010525019
203,68.162125390,-5.111107933,7.437657918,0.690862053,0.567493252,-4.845348224,9.468000954,-7.011492055,7.912842572
204,68.498282400,-5.444651716,7.395823958,0.629250095,0.600809532,-4.483296903,9.407300664,-7.387738290,7.969564921
205,68.834524861,-5.780169321,7.373757494,0.598204809,0.626180629,-4.130106046,9.307401919,-7.759828485,7.900197238
206,69.170783320,-6.116153062,7.360167889,0.596291211,0.644824982,-3.799622491,9.148393957,-8.136470045,7.869473272
207,69.507044468,-6.452207930,7.348391408,0.621343985,0.661572232,-3.516509370,8.916020306,-8.516788523,7.881045483
208,69.843292265,-6.787984316,7.330592538,0.672764385,0.681967874,-3.314153421,8.611389935,-8.895988375,7.844677646
209,70.179512220,-7.122621221,7.298004199,0.747829003,0.711288052,-3.226854994,8.256321485,-9.276065498,7.871320503
210,70.515727166,-7.454781372,7.245945344,0.838301153,0.755610885,-3.255443004,7.891480761,-9.656009707,7.843313961
211,70.851963899,-7.783878070,7.177021446,0.931825765,0.823245058,-3.384353111,7.548582482,-10.036336802,7.863772238
212,71.188209357,-8.110218167,7.096008182,1.016272554,0.920036232,-3.599526899,7.252504185,-10.334123897,7.696526028
213,71.524416552,-8.432529140,7.000347771,1.082798979,1.036548051,-3.903534045,7.049839553,-10.299395049,7.318642776
214,71.860332347,-8.742852676,6.871744797,1.125749116,1.140551641,-4.252733383,6.938353274,-10.235530626,6.942871333
215,72.194976300,-9.011591592,6.672330730,1.141012666,1.192104252,-4.618006734,6.903080976,-10.206722087,6.563172301
216,72.529001772,-9.182852039,6.385550544,1.126524843,1.174151522,-4.984830274,6.883948025,-10.223016344,6.182374552
217,72.864587282,-9.257062991,6.058273338,1.086310456,1.106593972,-5.351291957,6.858719236,-10.210296115,5.801591224
218,73.200736732,-9.282062496,5.723054786,1.033202959,1.027809837,-5.718500422,6.848641912,-10.185916049,5.421196943
219,73.536980399,-9.287158226,5.386849734,0.984149782,0.966289295,-6.085212355,6.827453638,-10.157094037,5.041114652
220,73.873236964,-9.283471923,5.050613376,0.950793319,0.930140158,-6.451957688,6.806547994,-10.143407139,4.660244951
221,74.209495926,-9.274304840,4.714479394,0.934659304,0.914423219,-6.806899603,6.719781946,-10.142336595,4.279069459
222,74.545756543,-9.261354522,4.378468245,0.930422147,0.910828657,-7.126273337,6.538855516,-10.137475635,3.897940063
223,74.882018020,-9.246532614,4.042533591,0.931955390,0.912222360,-7.437574581,6.343819319,-10.112714683,3.517605286
224,75.218279611,-9.231357140,3.706614609,0.935565167,0.913890185,-7.747610854,6.146787990,-10.094026552,3.136946952
225,75.554540918,-9.217038173,3.370658312,0.939922910,0.913780013,-8.050349414,5.938838058,-10.083478715,2.755936484
226,75.890801588,-9.204933029,3.034615600,0.945373767,0.912286734,-8.300962100,5.673761770,-10.056035837,2.375757403
227,76.227062637,-9.195445992,2.698488409,0.954173838,0.912372613,-8.387182836,5.320128123,-10.043272309,1.994852090
228,76.563324116,-9.186690349,2.362340939,0.971149957,0.920114962,-8.387640132,4.952869933,-10.042457347,1.613675906
229,76.899582816,-9.175099555,2.026282065,1.002322553,0.944537764,-8.364179461,4.586306267,-10.042236157,1.232498097
230,77.235830083,-9.155956998,1.690580133,1.049196065,0.994322924,-8.344968799,4.219514918,-10.035644411,0.851404583
231,77.572011712,-9.119636191,1.356366300,1.102258406,1.070282633,-8.340279818,3.852194394,-10.009208339,0.471165984
232,77.907813644,-9.042589850,1.029522608,1.143577146,1.157826491,-8.322026332,3.485356071,-9.993481589,0.090374489
233,78.242126672,-8.880579423,0.737088304,1.160770783,1.229436530,-8.296638443,3.118901554,-9.980170075,-0.290456711
234,78.575640875,-8.611484312,0.540061541,1.157807414,1.261241968,-8.277184303,2.752078599,-9.832366829,-0.630039221
235,78.910988442,-8.288748834,0.448958294,1.149562721,1.250416722,-8.250606884,2.385700470,-9.471616735,-0.736437510
236,79.247090586,-7.954322602,0.415435965,1.147695311,1.215098732,-8.233531521,2.018770514,-9.090681636,-0.747248726
237,79.583334682,-7.618255513,0.404527065,1.153971577,1.177333843,-8.123334494,1.674073798,-8.709504136,-0.747312310
238,79.919596136,-7.282035444,0.399251626,1.164476959,1.147169151,-7.792163427,1.544892606,-8.328423686,-0.740171374
239,80.255852615,-6.945885042,0.390806071,1.175814595,1.120722661,-7.424881509,1.550191513,-7.948199341,-0.713467631
240,80.592099209,-6.610089825,0.373389314,1.185461421,1.089005077,-7.057709468,1.541833836,-7.567304927,-0.702713418
241,80.928345145,-6.275098979,0.344364101,1.187621074,1.047202025,-6.691961301,1.507767924,-7.186822970,-0.724689355
242,81.264602990,-5.940969378,0.306591785,1.172329216,0.997851929,-6.325048931,1.509915315,-6.806028714,-0.736529814
243,81.600862869,-5.606946436,0.267869945,1.131634473,0.948188210,-5.958609512,1.533781510,-6.425987060,-0.708025354
244,81.937112149,-5.272181811,0.236306933,1.067266120,0.905531184,-5.597815363,1.474173174,-6.046581336,-0.671312152
245,82.273361100,-4.936590520,0.215286886,0.991447816,0.873910413,-5.262918326,1.323951800,-5.666724513,-0.639663735
246,82.609618677,-4.600581172,0.202368832,0.919983174,0.853103994,-4.932729804,1.163044841,-5.286761440,-0.609344971
247,82.945879816,-4.264448865,0.193061550,0.863849061,0.840127943,-4.586152277,1.042994168,-4.905784537,-0.599413912
248,83.282140730,-3.928270404,0.185615402,0.825638655,0.831684776,-4.222641743,0.992000196,-4.524885208,-0.612568497
249,83.618399146,-3.592032337,0.181916193,0.801952926,0.825186738,-3.856504405,0.962384118,-4.143975311,-0.621778692
250,83.954657271,-3.255779155,0.183739517,0.788030977,0.818135325,-3.489347218,0.951223195,-3.763195920,-0.604732893
251,84.290918543,-2.919562169,0.189196781,0.780378163,0.808021209,-3.122112772,0.941978537,-3.382267562,-0.615174556
252,84.627178844,-2.583332357,0.193724829,0.776301802,0.793605338,-2.754794096,0.943000753,-3.001326803,-0.619321760
253,84.963436356,-2.247074898,0.193536618,0.772577671,0.775959016,-2.387474846,0.947762941,-2.621453835,-0.588141045
254,85.299694448,-1.910869871,0.187562940,0.765558612,0.757771559,-2.020137762,0.947528755,-2.241627804,-0.556349821
255,85.635955355,-1.574756848,0.177591322,0.752619231,0.741389704,-1.653496165,0.925783074,-1.860761533,-0.541198023
256,85.972216532,-1.238651505,0.167355229,0.733501292,0.727415991,-1.287535828,0.893855440,-1.479657425,-0.536862894
257,86.308475238,-0.902460994,0.160583429,0.710858838,0.715238156,-0.923583866,0.844489652,-1.098572685,-0.544965605
258,86.644732428,-0.566205939,0.159384988,0.689531276,0.704449381,-0.559604175,0.795394427,-0.717642008,-0.533850814
259,86.980990260,-0.229981084,0.164094173,0.673869807,0.694841220,-0.192635625,0.787789660,-0.337458640,-0.506471688
