s_m,x_m,y_m,psi_rad,kappa_radpm,vx_mps,ax_mps2,speed_limit_mps,speed_zone,w_tr_right_m,w_tr_left_m
0.000000000,0.106211745,0.171355458,0.024190847,0.018081571,5.000000000,0.000000000,5.000000000,straight_acceleration,0.692500000,0.657500000
0.274249113,0.380363297,0.178668884,0.025534480,-0.008282814,5.000000000,0.000000000,5.000000000,straight_acceleration,0.702500000,0.697500000
0.548498225,0.654530460,0.185359535,0.020793409,-0.026292476,5.000000000,0.000000000,5.000000000,straight_acceleration,0.657500000,0.692500000
0.822747338,0.928738251,0.190073112,0.012886596,-0.031369955,5.000000000,0.000000000,5.000000000,straight_acceleration,0.612500000,0.687500000
1.096996451,1.202976480,0.192427528,0.004844044,-0.027282427,5.000000000,0.000000000,5.000000000,straight_acceleration,0.612500000,0.637500000
1.371245564,1.477224924,0.192730026,-0.001908174,-0.021959657,5.000000000,0.000000000,5.000000000,straight_acceleration,0.617500000,0.582500000
1.645494676,1.751470362,0.191380905,-0.007587818,-0.019460283,5.000000000,0.000000000,5.000000000,straight_acceleration,0.562500000,0.537500000
1.919743789,2.025704764,0.188568181,-0.012495374,-0.016328974,5.000000000,0.000000000,5.000000000,straight_acceleration,0.562500000,0.587500000
2.193992902,2.299923947,0.184527415,-0.016070630,-0.009744181,5.000000000,0.000000000,5.000000000,straight_acceleration,0.607500000,0.592500000
2.468242015,2.574131488,0.179753859,-0.017451008,-0.000322439,5.000000000,0.000000000,5.000000000,straight_acceleration,0.602500000,0.597500000
2.742491127,2.848338611,0.174956055,-0.016156712,0.009761297,5.000000000,0.000000000,5.000000000,straight_acceleration,0.597500000,0.602500000
3.016740240,3.122557415,0.170892328,-0.011727729,0.022537943,5.000000000,0.000000000,5.000000000,straight_acceleration,0.592500000,0.607500000
3.290989353,3.396795464,0.168523607,-0.003050253,0.040745342,5.000000000,0.000000000,5.000000000,straight_acceleration,0.592500000,0.607500000
3.565238465,3.671041547,0.169219308,0.010276881,0.056449284,5.000000000,0.000000000,5.000000000,straight_acceleration,0.542500000,0.607500000
3.839487578,3.945243038,0.174160135,0.025844202,0.057084191,5.000000000,0.000000000,5.000000000,straight_acceleration,0.547500000,0.602500000
4.113736691,4.219334601,0.183392660,0.038557173,0.035631241,5.000000000,0.000000000,5.000000000,straight_acceleration,0.557500000,0.592500000
4.387985804,4.493324621,0.195303090,0.043997353,0.004043022,5.000000000,0.000000000,5.000000000,straight_acceleration,0.567500000,0.582500000
4.662234916,4.767301523,0.207517323,0.042237803,-0.016874882,5.000000000,0.000000000,5.000000000,straight_acceleration,0.532500000,0.572500000
4.936484029,5.041331718,0.218463480,0.037165004,-0.020119436,5.000000000,0.000000000,5.000000000,straight_acceleration,0.542500000,0.557500000
5.210733142,5.315418274,0.227897468,0.032514623,-0.013794322,5.000000000,0.000000000,5.000000000,straight_acceleration,0.552500000,0.547500000
5.484982255,5.589538689,0.236294508,0.028628262,-0.014547634,5.000000000,0.000000000,5.000000000,straight_acceleration,0.557500000,0.542500000
5.759231367,5.863690182,0.243597829,0.022681486,-0.028820612,5.000000000,-2.806283044,5.000000000,straight_acceleration,0.567500000,0.532500000
6.033480480,6.137889990,0.248734063,0.012969596,-0.042006527,4.843630738,-4.000000000,5.000000000,straight_acceleration,0.522500000,0.527500000
6.307729593,6.412130358,0.250711276,0.002288450,-0.035889358,4.611590379,-4.000000000,5.000000000,straight_acceleration,0.472500000,0.527500000
6.581978705,6.686378032,0.249989253,-0.002966247,-0.002432191,4.367238593,-4.000000000,5.000000000,straight_acceleration,0.522500000,0.577500000
6.856227818,6.960625186,0.249084300,0.003662639,0.050777328,4.108379245,-4.000000000,5.000000000,straight_acceleration,0.572500000,0.577500000
7.130476931,7.234853323,0.251998129,0.024861965,0.103846380,3.832073475,-4.000000000,5.000000000,straight_acceleration,0.572500000,0.527500000
7.404726044,7.508879688,0.262717793,0.058545379,0.141870164,3.534231772,-4.000000000,5.000000000,straight_acceleration,0.537500000,0.567500000
7.678975156,7.782273518,0.284083718,0.103230943,0.184180842,3.208862933,-4.000000000,5.000000000,straight_acceleration,0.557500000,0.597500000
7.953224269,8.054224081,0.319215042,0.164684535,0.264467295,2.846543240,-4.000000000,5.000000000,straight_acceleration,0.547500000,0.617500000
8.227473382,8.322867631,0.373924875,0.264227819,0.463924419,2.430805528,-4.000000000,5.000000000,straight_acceleration,0.612500000,0.677500000
8.501722495,8.582203946,0.462061936,0.446717987,0.882531200,1.927387509,-2.572575652,3.200000000,standard,0.702500000,0.737500000
8.775971607,8.812737287,0.608579109,0.743541134,1.336457761,1.517817325,-0.183785928,3.200000000,standard,0.992500000,0.782500000
9.050220720,8.977582657,0.825653826,1.105245342,1.385961727,1.484238248,2.117188057,3.200000000,standard,1.122500000,0.777500000
9.324469833,9.053551058,1.087923543,1.416561734,0.945252167,1.834185669,2.400000000,3.200000000,standard,0.942500000,0.782500000
9.598718946,9.060925416,1.361725829,1.605502500,0.451052535,2.163477019,2.400000000,3.200000000,standard,0.822500000,0.677500000
9.872968058,9.034570160,1.634606573,1.706437123,0.287444577,2.448883123,2.400000000,3.200000000,standard,0.752500000,0.607500000
10.147217171,8.986831964,1.904619224,1.774241127,0.207661188,2.704334353,2.400000000,3.200000000,standard,0.657500000,0.667500000
10.421466284,8.923809679,2.171499775,1.824760710,0.161012061,2.937655534,2.400000000,3.200000000,standard,0.682500000,0.712500000
10.695715396,8.849070383,2.435351082,1.861812239,0.109295734,3.153762162,0.535615639,3.200000000,standard,0.667500000,0.722500000
10.969964509,8.766455331,2.696855711,1.881694623,0.035727119,3.200000000,0.000000000,3.200000000,standard,0.697500000,0.717500000
11.244213622,8.681280631,2.957542856,1.880225405,-0.046442984,3.200000000,0.000000000,3.200000000,standard,0.682500000,0.732500000
11.518462735,8.599434981,3.219287161,1.855480708,-0.134063962,3.200000000,0.000000000,3.200000000,standard,0.657500000,0.747500000
11.792711847,8.527268095,3.483842267,1.806208973,-0.225529109,3.200000000,-0.209822412,3.200000000,standard,0.622500000,0.767500000
12.066960960,8.471583029,3.752314451,1.732606884,-0.312018500,3.181966810,-3.104508036,3.200000000,standard,0.567500000,0.747500000
12.341210073,8.439009485,4.024517626,1.638942560,-0.372566711,2.902084704,-0.615161747,3.200000000,standard,0.542500000,0.807500000
12.615459186,8.434298136,4.298597909,1.534632741,-0.390177646,2.843357259,0.877248102,3.200000000,standard,0.497500000,0.852500000
12.889708298,8.458803419,4.571623360,1.430649943,-0.370169509,2.926747261,2.213899263,3.200000000,standard,0.527500000,0.782500000
13.163957411,8.510786437,4.840794383,1.335417880,-0.325914143,3.127326230,0.838344834,3.200000000,standard,0.537500000,0.802500000
13.438206524,8.586549960,5.104291498,1.253859565,-0.269880457,3.200000000,0.000000000,3.200000000,standard,0.627500000,0.742500000
13.712455636,8.681574283,5.361499828,1.188490507,-0.207373485,3.200000000,0.000000000,3.200000000,standard,0.647500000,0.752500000
13.986704749,8.791062659,5.612917128,1.141091125,-0.138515698,3.200000000,0.000000000,3.200000000,standard,0.687500000,0.752500000
14.260953862,8.910024500,5.860011785,1.113636728,-0.061757816,3.200000000,0.000000000,3.200000000,standard,0.692500000,0.757500000
14.535202975,9.033157604,6.105063951,1.108459606,0.023997823,3.200000000,0.000000000,3.200000000,standard,0.732500000,0.782500000
14.809452087,9.154673622,6.350917783,1.127730644,0.116573740,3.200000000,0.000000000,3.200000000,standard,0.752500000,0.742500000
15.083701200,9.268263214,6.600512220,1.172164259,0.207671597,3.200000000,0.000000000,3.200000000,standard,0.827500000,0.797500000
15.357950313,9.367461863,6.856134994,1.239423593,0.283425779,3.200000000,-1.344823549,3.200000000,standard,0.807500000,0.777500000
15.632199426,9.446533566,7.118650553,1.323582578,0.331415628,3.082590902,-0.695217471,3.200000000,standard,0.862500000,0.737500000
15.906448538,9.501498084,7.387232096,1.416277081,0.346012141,3.020106144,0.893200597,3.200000000,standard,0.892500000,0.677500000
16.180697651,9.530824777,7.659808319,1.508794630,0.330120385,3.100154845,1.146840421,3.200000000,standard,0.852500000,0.647500000
16.454946764,9.535438067,7.933934568,1.594238591,0.294137621,3.200000000,0.000000000,3.200000000,standard,0.797500000,0.702500000
16.729195876,9.517981783,8.207564345,1.668341584,0.247029066,3.200000000,0.000000000,3.200000000,standard,0.767500000,0.737500000
17.003444989,9.482060224,8.479408936,1.728515403,0.192216354,3.200000000,0.000000000,3.200000000,standard,0.757500000,0.757500000
17.277694102,9.431871323,8.749003387,1.773291039,0.134499200,3.200000000,0.000000000,3.200000000,standard,0.717500000,0.852500000
17.551943215,9.371774980,9.016577158,1.803341820,0.084710262,3.200000000,0.000000000,3.200000000,standard,0.732500000,0.862500000
17.826192327,9.305478647,9.282688595,1.824800178,0.071797713,3.200000000,-0.138467795,3.200000000,standard,0.752500000,0.852500000
18.100441440,9.233956774,9.547441006,1.851217394,0.120898344,3.188110829,-4.000000000,3.200000000,standard,0.777500000,0.937500000
18.374690553,9.153705164,9.809661074,1.902918738,0.256540219,2.823129072,-4.000000000,3.200000000,standard,0.822500000,0.922500000
18.648939666,9.055273491,10.065516712,2.009396142,0.523242638,2.403344514,-4.000000000,3.200000000,standard,0.857500000,0.962500000
18.923188778,8.921587076,10.304507312,2.198441539,0.870633491,1.892636245,-1.259957509,3.200000000,standard,1.062500000,0.972500000
19.197437891,8.736157140,10.505365182,2.457721806,1.052226734,1.700290416,1.100106961,3.200000000,standard,1.317500000,0.957500000
19.471687004,8.502014673,10.646493910,2.720215500,0.895209592,1.869329884,2.400000000,3.200000000,standard,0.912500000,0.952500000
19.745936116,8.240494731,10.727533643,2.918753429,0.569457706,2.193351306,2.400000000,3.200000000,standard,0.767500000,0.922500000
20.020185229,7.969269312,10.767215354,3.036939154,0.296684558,2.475315272,2.400000000,3.200000000,standard,0.662500000,0.792500000
20.294434342,7.695621249,10.784765654,3.099747040,0.161979228,2.728292770,2.400000000,3.200000000,standard,0.642500000,0.707500000
20.568683455,7.421437105,10.790153119,3.135453546,0.098522113,2.959725862,2.400000000,3.200000000,standard,0.637500000,0.712500000
20.842932567,7.147201638,10.788132503,-3.120491304,0.100172463,3.174330310,0.298318346,3.200000000,standard,0.637500000,0.712500000
21.117181680,6.873131732,10.778581418,-3.084087389,0.165420417,3.200000000,-1.759710448,3.200000000,standard,0.647500000,0.752500000
21.391430793,6.599802308,10.756619416,-3.024276434,0.271243096,3.045455950,-4.000000000,3.200000000,standard,0.677500000,0.782500000
21.665679906,6.328911752,10.714441061,-2.929693188,0.420369904,2.660978962,-4.000000000,3.200000000,standard,0.677500000,0.807500000
21.939929018,6.064770150,10.641518478,-2.781854699,0.664936104,2.210614426,-2.775357123,3.200000000,standard,0.787500000,0.867500000
22.214178131,5.818354429,10.522418557,-2.566421028,0.926060672,1.834267615,-0.544079902,3.200000000,standard,0.957500000,0.887500000
22.488427244,5.609290932,10.346236209,-2.304946367,1.013221341,1.751031359,1.012268154,3.200000000,standard,1.112500000,0.907500000
22.762676356,5.455392536,10.120208682,-2.050864800,0.869855942,1.902981373,2.400000000,3.200000000,standard,1.152500000,0.877500000
23.036925469,5.358300056,9.864208366,-1.850077383,0.610897094,2.222101224,2.400000000,3.200000000,standard,0.912500000,0.857500000
23.311174582,5.304894475,9.595415772,-1.713407833,0.391353576,2.500825782,2.400000000,3.200000000,standard,0.832500000,0.837500000
23.585423695,5.280494017,9.322331691,-1.628393061,0.230059750,2.751458765,2.400000000,3.200000000,standard,0.847500000,0.802500000
23.859672807,5.273341686,9.048199150,-1.580773669,0.117493799,2.981093939,2.400000000,3.200000000,standard,0.842500000,0.807500000
24.133921920,5.275022544,8.773960050,-1.557892414,0.049408329,3.194263110,0.066879316,3.200000000,standard,0.842500000,0.757500000
24.408171033,5.280419029,8.499764701,-1.548984458,0.015557012,3.200000000,0.000000000,3.200000000,standard,0.847500000,0.752500000
24.682420146,5.286985324,8.225594237,-1.546762812,0.000644749,3.200000000,0.000000000,3.200000000,standard,0.852500000,0.747500000
24.956669258,5.293600099,7.951424918,-1.547389617,-0.005215815,3.200000000,0.000000000,3.200000000,standard,0.812500000,0.737500000
25.230918371,5.299822686,7.677246448,-1.549134314,-0.007507644,3.200000000,0.000000000,3.200000000,standard,0.867500000,0.782500000
25.505167484,5.305480737,7.403055762,-1.551185283,-0.007449348,3.200000000,0.000000000,3.200000000,standard,0.872500000,0.777500000
25.779416596,5.310578612,7.128854070,-1.552645681,-0.003200819,3.200000000,0.000000000,3.200000000,standard,0.877500000,0.772500000
26.053665709,5.315435786,6.854647974,-1.552218749,0.006314290,3.200000000,0.000000000,3.200000000,standard,0.882500000,0.767500000
26.327914822,5.320767788,6.580450829,-1.548923759,0.017715002,3.200000000,0.000000000,3.200000000,standard,0.887500000,0.762500000
26.602163935,5.327431846,6.306283134,-1.543167232,0.024265638,3.200000000,0.000000000,3.200000000,standard,0.847500000,0.757500000
26.876413047,5.335920260,6.032165928,-1.537374319,0.017980354,3.200000000,0.000000000,3.200000000,standard,0.852500000,0.747500000
27.150662160,5.345760270,5.758093489,-1.535544314,-0.004634675,3.200000000,0.000000000,3.200000000,standard,0.862500000,0.737500000
27.424911273,5.355251902,5.484009034,-1.541412277,-0.038159545,3.200000000,0.000000000,3.200000000,standard,0.922500000,0.777500000
27.699160386,5.361874732,5.209842843,-1.559053467,-0.090508271,3.200000000,-1.547934852,3.200000000,standard,0.927500000,0.822500000
27.973409498,5.361692003,4.935607235,-1.594758763,-0.169993303,3.064467406,-4.000000000,3.200000000,standard,0.877500000,0.872500000
28.247658611,5.348737539,4.661706654,-1.661976622,-0.320998769,2.682716455,-4.000000000,3.200000000,standard,0.817500000,0.887500000
28.521907724,5.311816274,4.390122788,-1.796179841,-0.664378526,2.236733036,-4.000000000,3.200000000,standard,0.747500000,0.792500000
28.796156837,5.226844548,4.130070586,-2.035313745,-1.110274941,1.676001722,-0.893884474,3.200000000,standard,0.722500000,1.012500000
29.070405949,5.069710631,3.906962601,-2.362339904,-1.339663137,1.522723785,0.540331194,3.200000000,standard,0.732500000,1.097500000
29.344655062,4.844752504,3.752646144,-2.701169365,-1.202457902,1.617114228,2.303685504,3.200000000,standard,0.732500000,0.912500000
29.618904175,4.582045454,3.677127108,-2.982766450,-0.895589066,1.969422717,0.268829676,3.200000000,standard,0.707500000,0.807500000
29.893153287,4.308497418,3.666751313,3.062866666,-0.862794008,2.006509018,-2.134924403,3.200000000,standard,0.712500000,0.742500000
30.167402400,4.040237962,3.719869778,2.796366963,-1.117914325,1.689697070,-0.832245629,3.200000000,standard,0.717500000,0.842500000
30.441651513,3.800052312,3.849602105,2.472926047,-1.303745932,1.548738499,0.399864693,3.200000000,standard,0.737500000,1.112500000
30.715900626,3.618382192,4.053172176,2.142874435,-1.168578202,1.617997532,2.400000000,3.200000000,standard,0.732500000,0.932500000
30.990149738,3.507910573,4.303305735,1.889006852,-0.718506166,1.983509957,2.400000000,3.200000000,standard,0.762500000,0.712500000
31.264398851,3.447900889,4.570715980,1.741724417,-0.364195138,2.291442230,2.400000000,3.200000000,standard,0.747500000,0.572500000
31.538647964,3.414771268,4.842892104,1.665049974,-0.196093714,2.562635994,2.400000000,3.200000000,standard,0.722500000,0.532500000
31.812897077,3.396305384,5.116505227,1.626112168,-0.088040996,2.807756930,2.400000000,3.200000000,standard,0.687500000,0.562500000
32.087146189,3.384449204,5.390495293,1.609458183,-0.033426175,3.033132822,1.896278301,3.200000000,standard,0.697500000,0.602500000
32.361395302,3.375105041,5.664584937,1.602196268,-0.019533418,3.200000000,0.000000000,3.200000000,standard,0.757500000,0.592500000
32.635644415,3.367229306,5.938720445,1.595639711,-0.028281771,3.200000000,0.000000000,3.200000000,standard,0.767500000,0.632500000
32.909893527,3.361480027,6.212908397,1.586918838,-0.035317656,3.200000000,0.000000000,3.200000000,standard,0.772500000,0.627500000
33.184142640,3.358386657,6.487138911,1.577804122,-0.031154017,3.200000000,0.000000000,3.200000000,standard,0.772500000,0.627500000
33.458391753,3.357636342,6.761386501,1.571796925,-0.012654947,3.200000000,0.000000000,3.200000000,standard,0.722500000,0.627500000
33.732640866,3.357837832,7.035635532,1.571231113,0.008528648,3.200000000,0.000000000,3.200000000,standard,0.722500000,0.627500000
34.006889978,3.357397863,7.309884053,1.574880942,0.018088360,3.200000000,0.000000000,3.200000000,standard,0.727500000,0.622500000
34.281139091,3.355597443,7.584126988,1.578992078,0.011892807,3.200000000,0.000000000,3.200000000,standard,0.727500000,0.622500000
34.555388204,3.352902567,7.858362831,1.580564160,-0.000428136,3.200000000,0.000000000,3.200000000,standard,0.727500000,0.622500000
34.829637317,3.350239890,8.132598996,1.580208053,-0.002168825,3.200000000,0.000000000,3.200000000,standard,0.732500000,0.617500000
35.103886429,3.347740328,8.406836694,1.583011928,0.022616802,3.200000000,0.000000000,3.200000000,standard,0.732500000,0.667500000
35.378135542,3.343539875,8.681051848,1.597204319,0.080895386,3.200000000,-0.024222505,3.200000000,standard,0.687500000,0.712500000
35.652384655,3.333258546,8.955095560,1.632561773,0.177081413,3.197923389,-4.000000000,3.200000000,standard,0.702500000,0.752500000
35.926633767,3.309696971,9.228281060,1.701935612,0.329679211,2.834205551,-4.000000000,3.200000000,standard,0.727500000,0.832500000
36.200882880,3.261634797,9.498126539,1.823459867,0.560723110,2.416346043,-3.738298005,3.200000000,standard,0.847500000,0.882500000
36.475131993,3.173121779,9.757271031,2.011751786,0.826214795,1.946350014,-1.028088898,3.200000000,standard,1.062500000,0.872500000
36.749381106,3.029475393,9.990043591,2.253332684,0.961406992,1.795654042,0.652002427,3.200000000,standard,1.167500000,0.892500000
37.023630218,2.830982109,10.178176940,2.503349214,0.890258620,1.892616076,1.497667709,3.200000000,standard,0.932500000,0.872500000
37.297879331,2.593187991,10.313689039,2.723706757,0.737002630,2.098443159,1.818578696,3.200000000,standard,0.837500000,0.862500000
37.572128444,2.333027195,10.399288453,2.904941177,0.596070954,2.323994596,2.400000000,3.200000000,standard,0.852500000,0.792500000
37.846377557,2.062322598,10.441718134,3.051736534,0.480528503,2.591784448,1.402395752,3.200000000,standard,0.887500000,0.717500000
38.120626669,1.788318052,10.448366060,-3.106496410,0.434366949,2.736157562,0.034448012,3.200000000,standard,0.877500000,0.672500000
38.394875782,1.515447899,10.422517002,-2.987516932,0.436405361,2.739608161,-1.505964361,3.200000000,standard,0.867500000,0.652500000
38.669124895,1.247605511,10.364389817,-2.860202063,0.495952293,2.584460117,-2.817954748,3.200000000,standard,0.792500000,0.667500000
38.943374007,0.990139645,10.270671133,-2.705854076,0.636854157,2.265787042,-2.326191334,3.200000000,standard,0.777500000,0.692500000
39.217623120,0.752857287,10.134042456,-2.507881086,0.821918910,1.964148442,-0.904557058,3.200000000,standard,0.862500000,0.727500000
39.491872233,0.551767558,9.948548815,-2.271826010,0.923561156,1.833502430,0.729690576,3.200000000,standard,0.942500000,0.732500000
39.766121346,0.402695550,9.719183508,-2.034536579,0.831149929,1.939578600,2.400000000,3.200000000,standard,0.917500000,0.762500000
40.040370458,0.308486990,9.462100351,-1.839954022,0.602517043,2.253521884,2.400000000,3.200000000,standard,0.802500000,0.697500000
40.314619571,0.257501318,9.192834297,-1.703394432,0.398837552,2.528785603,2.400000000,3.200000000,standard,0.582500000,0.732500000
40.588868684,0.236116084,8.919511445,-1.610427782,0.280800007,2.776896175,2.400000000,3.200000000,standard,0.602500000,0.697500000
40.863117797,0.235790588,8.645305533,-1.551791800,0.147303373,3.004587844,2.210493737,3.200000000,standard,0.652500000,0.647500000
41.137366909,0.246536341,8.371273487,-1.522425811,0.066930506,3.200000000,0.000000000,3.200000000,standard,0.562500000,0.637500000
41.411616022,0.262309864,8.097480278,-1.509722115,0.025719514,3.200000000,0.000000000,3.200000000,standard,0.632500000,0.622500000
41.685865135,0.280014288,7.823803270,-1.507220504,-0.007475736,3.200000000,0.000000000,3.200000000,standard,0.647500000,0.602500000
41.960114247,0.297157567,7.550090737,-1.510417548,-0.015839233,3.200000000,0.000000000,3.200000000,standard,0.617500000,0.587500000
42.234363360,0.313111721,7.276306214,-1.513227321,-0.004651507,3.200000000,0.000000000,3.200000000,standard,0.632500000,0.572500000
42.508612473,0.328716610,7.002501442,-1.512194302,0.012184986,3.200000000,0.000000000,3.200000000,standard,0.647500000,0.552500000
42.782861586,0.345236371,6.728750618,-1.508012356,0.018312575,3.200000000,0.000000000,3.200000000,standard,0.662500000,0.587500000
43.057110698,0.363130749,6.455086108,-1.505171710,0.002403350,3.200000000,0.000000000,3.200000000,standard,0.682500000,0.572500000
43.331359811,0.381205503,6.181433399,-1.508818852,-0.029001212,3.200000000,0.000000000,3.200000000,standard,0.647500000,0.552500000
43.605608924,0.397103139,5.907647197,-1.521103019,-0.060587851,3.200000000,0.000000000,3.200000000,standard,0.667500000,0.537500000
43.879858037,0.408449685,5.633638259,-1.544040559,-0.106716800,3.200000000,0.000000000,3.200000000,standard,0.627500000,0.522500000
44.154107149,0.411774717,5.359426083,-1.583287094,-0.179631163,3.200000000,0.000000000,3.200000000,standard,0.627500000,0.522500000
44.428356262,0.401601468,5.085404405,-1.640199084,-0.235763574,3.200000000,-3.989658175,3.200000000,standard,0.672500000,0.532500000
44.702605375,0.373764491,4.812629682,-1.715130118,-0.311544915,2.837548161,-4.000000000,3.200000000,standard,0.747500000,0.562500000
44.976854488,0.322808671,4.543293708,-1.833003108,-0.552052351,2.420265825,-4.000000000,3.200000000,standard,0.867500000,0.632500000
45.251103600,0.232134243,4.284918439,-2.026626438,-0.875799472,1.914077785,-1.722382242,3.200000000,standard,0.947500000,0.782500000
45.525352713,0.083612816,4.055403734,-2.297855452,-1.140458384,1.648930006,0.046103226,3.200000000,standard,0.937500000,1.202500000
45.799601826,-0.126867602,3.881380202,-2.599092575,-1.105140720,1.656580122,2.400000000,3.200000000,standard,0.952500000,1.057500000
46.073850938,-0.379361489,3.776307485,-2.846761515,-0.732368619,2.015106310,2.400000000,3.200000000,standard,0.942500000,0.887500000
46.348100051,-0.648142864,3.723078404,-3.002899571,-0.415573614,2.318846520,2.400000000,3.200000000,standard,0.862500000,0.752500000
46.622349164,-0.921393083,3.700645692,-3.092272264,-0.237919219,2.587169288,2.400000000,3.200000000,standard,0.827500000,0.722500000
46.896598277,-1.195570817,3.696057131,3.129797028,-0.208233663,2.830166191,-0.840298406,3.200000000,standard,0.832500000,0.717500000
47.170847389,-1.469550825,3.707111855,3.060157981,-0.300357334,2.747533163,-4.000000000,3.200000000,standard,0.872500000,0.732500000
47.445096502,-1.741607424,3.740621999,2.941439016,-0.569781085,2.314075534,-4.000000000,3.200000000,standard,0.902500000,0.777500000
47.719345615,-2.004858507,3.815709719,2.729551071,-0.997633343,1.777906824,-1.418681689,3.200000000,standard,0.967500000,0.912500000
47.993594728,-2.238178135,3.957653497,2.424283952,-1.282315800,1.543634764,0.616624165,3.200000000,standard,0.957500000,1.187500000
48.267843840,-2.410345594,4.169423213,2.101979598,-1.128616047,1.649553135,2.400000000,3.200000000,standard,0.977500000,0.937500000
48.542092953,-2.511828189,4.423434794,1.857266156,-0.688300478,2.009333543,2.400000000,3.200000000,standard,0.932500000,0.737500000
48.816342066,-2.564393606,4.692378089,1.707771809,-0.409903224,2.313831677,2.400000000,3.200000000,standard,0.852500000,0.657500000
49.090591178,-2.586565176,4.965641241,1.616443729,-0.257818727,2.582675506,2.400000000,3.200000000,standard,0.817500000,0.632500000
49.364840291,-2.589401057,5.239837052,1.553565274,-0.201233366,2.826058830,2.400000000,3.200000000,standard,0.772500000,0.627500000
49.639089404,-2.577119270,5.513777846,1.496805754,-0.213038404,3.050082663,1.708293124,3.200000000,standard,0.762500000,0.642500000
49.913338517,-2.548877717,5.786519723,1.428607912,-0.284940601,3.200000000,-3.648446044,3.200000000,standard,0.767500000,0.677500000
50.187587629,-2.499471223,6.056185302,1.336912658,-0.385283763,2.870336883,-2.726796682,3.200000000,standard,0.857500000,0.737500000
50.461836742,-2.421994172,6.319098539,1.222223248,-0.453867012,2.596765427,1.263267898,3.200000000,standard,0.962500000,0.792500000
50.736085855,-2.312600614,6.570396343,1.107376779,-0.386371446,2.726919669,2.400000000,3.200000000,standard,1.102500000,1.012500000
51.010334968,-2.177259400,6.808847282,1.042214987,-0.089988451,2.958460178,-2.849052239,3.200000000,standard,1.452500000,0.972500000
51.284584080,-2.036050551,7.043930504,1.075095166,0.330560967,2.681377730,-4.000000000,3.200000000,standard,1.612500000,1.002500000
51.558833193,-1.916743545,7.290629432,1.200056017,0.585071908,2.235127206,1.123172680,3.200000000,standard,1.342500000,0.967500000
51.833082306,-1.838148209,7.553049776,1.353789534,0.542410578,2.368934750,2.400000000,3.200000000,standard,1.197500000,1.002500000
52.107331418,-1.799074472,7.824327746,1.473489943,0.334244531,2.632156452,2.400000000,3.200000000,standard,1.237500000,0.972500000
52.381580531,-1.784936889,8.098165804,1.542526637,0.170093128,2.871348695,2.400000000,3.200000000,standard,1.217500000,0.932500000
52.655829644,-1.783576630,8.372395772,1.585933064,0.146622599,3.092092992,0.508900008,3.200000000,standard,1.117500000,0.982500000
52.930078757,-1.793236757,8.646450000,1.636676799,0.223726694,3.136904497,-4.000000000,3.200000000,standard,1.177500000,1.027500000
53.204327869,-1.819662341,8.919348275,1.720526727,0.389157728,2.765172133,-4.000000000,3.200000000,standard,1.112500000,1.057500000
53.478576982,-1.874900300,9.187771951,1.852344484,0.576882714,2.334991226,-1.790728037,3.200000000,standard,1.257500000,1.087500000
53.752826095,-1.971433147,9.444086901,2.025150670,0.692866140,2.114231036,0.383553823,3.200000000,standard,1.337500000,1.107500000
54.027075208,-2.114222177,9.677747050,2.210449648,0.669866688,2.163411996,2.124601392,3.200000000,standard,1.367500000,1.127500000
54.301324320,-2.297046413,9.881736138,2.377182171,0.554741725,2.417786499,2.400000000,3.200000000,standard,1.172500000,1.047500000
54.575573433,-2.508609793,10.055918071,2.514559408,0.452065883,2.676207633,1.999875088,3.200000000,standard,1.012500000,1.037500000
54.849822546,-2.740071476,10.202743512,2.631313801,0.402374464,2.873850246,-1.059109116,3.200000000,standard,0.947500000,1.002500000
55.124071658,-2.986262551,10.323272201,2.743019457,0.414822921,2.770937705,-0.403806523,3.200000000,standard,0.872500000,0.972500000
55.398320771,-3.244497346,10.415163492,2.856386521,0.414542421,2.730679147,2.400000000,3.200000000,standard,0.847500000,0.972500000
55.672569884,-3.511489811,10.477268540,2.960588461,0.347455282,2.961925783,2.400000000,3.200000000,standard,0.762500000,0.862500000
55.946818997,-3.783222121,10.513753985,3.043636195,0.259308998,3.176381603,0.274567729,3.200000000,standard,0.717500000,0.792500000
56.221068109,-4.056896624,10.530866202,3.103664083,0.178900214,3.200000000,0.000000000,3.200000000,standard,0.647500000,0.752500000
56.495317222,-4.331103520,10.534544313,-3.139561583,0.112651721,3.200000000,0.000000000,3.200000000,standard,0.642500000,0.657500000
56.769566335,-4.605304650,10.529752345,-3.115502510,0.062836315,3.200000000,0.000000000,3.200000000,standard,0.597500000,0.652500000
57.043815448,-4.879386866,10.520236276,-3.102445972,0.032386182,3.200000000,0.000000000,3.200000000,standard,0.557500000,0.742500000
57.318064560,-5.153375127,10.508286238,-3.096363673,0.011970597,3.200000000,0.000000000,3.200000000,standard,0.567500000,0.732500000
57.592313673,-5.427323034,10.495436769,-3.094917014,-0.001420591,3.200000000,0.000000000,3.200000000,standard,0.582500000,0.667500000
57.866562786,-5.701275893,10.482694031,-3.096770591,-0.012096911,3.200000000,0.000000000,3.200000000,standard,0.547500000,0.707500000
58.140811898,-5.975269391,10.470860222,-3.100659629,-0.016264558,3.200000000,0.000000000,3.200000000,standard,0.557500000,0.742500000
58.415061011,-6.249312838,10.460248684,-3.106134449,-0.023661694,3.200000000,0.000000000,3.200000000,standard,0.567500000,0.732500000
58.689310124,-6.523418854,10.451415677,-3.113772738,-0.032042419,3.200000000,0.000000000,3.200000000,standard,0.527500000,0.622500000
58.963559237,-6.797592079,10.444991666,-3.120387453,-0.016196990,3.200000000,0.000000000,3.200000000,standard,0.532500000,0.767500000
59.237808349,-7.071791750,10.439785576,-3.121449546,0.008451447,3.200000000,0.000000000,3.200000000,standard,0.537500000,0.762500000
59.512057462,-7.345978269,10.433943969,-3.116038395,0.031010757,3.200000000,0.000000000,3.200000000,standard,0.542500000,0.757500000
59.786306575,-7.620104197,10.425770808,-3.105611528,0.045030892,3.200000000,0.000000000,3.200000000,tight_bend_1_standard,0.552500000,0.647500000
60.060555688,-7.894107712,10.414213140,-3.091910969,0.054887344,3.200000000,-0.559642066,3.200000000,tight_bend_1_standard,0.562500000,0.737500000
60.334804800,-8.167904425,10.398532756,-3.071561954,0.093531416,3.151672147,-4.000000000,3.200000000,tight_bend_1_standard,0.582500000,0.722500000
60.609053913,-8.441198358,10.375837243,-3.031149451,0.201378393,2.781913805,-4.000000000,3.200000000,tight_bend_1_standard,0.552500000,0.652500000
60.883303026,-8.712765699,10.338110661,-2.939609433,0.468615655,2.354793306,-4.000000000,3.200000000,tight_bend_1_standard,0.602500000,0.622500000
61.157552139,-8.976978222,10.266122609,-2.745508310,0.966730213,1.830589689,-2.235701057,3.200000000,tight_bend_1_standard,0.717500000,0.637500000
61.431801251,-9.212958687,10.128937343,-2.422508880,1.458650501,1.457662701,-0.180333391,3.200000000,tight_bend_1_standard,0.992500000,0.677500000
61.706050364,-9.379640736,9.913612448,-2.026488447,1.541683182,1.423329900,1.190469881,3.200000000,tight_bend_1_standard,1.042500000,0.682500000
61.980299477,-9.447877323,9.649604322,-1.655316757,1.262489487,1.636715804,0.552851268,3.200000000,tight_bend_1_standard,0.822500000,0.682500000
62.254548589,-9.425072514,9.377368811,-1.329310565,1.182012929,1.726869005,-1.504627649,3.200000000,tight_bend_1_standard,0.867500000,0.677500000
62.528797702,-9.318924041,9.126025506,-0.982207253,1.428856393,1.468601704,0.307970450,3.200000000,tight_bend_1_standard,1.202500000,0.662500000
62.803046815,-9.127655893,8.931810266,-0.614654845,1.341334109,1.525028593,2.163441057,3.200000000,tight_bend_1_standard,0.922500000,0.622500000
63.077295928,-8.880124681,8.816290112,-0.312910213,0.915171764,1.874128009,2.400000000,3.200000000,tight_bend_1_standard,0.672500000,0.527500000
63.351545040,-8.611147342,8.764699431,-0.124362935,0.476894911,2.197442043,2.400000000,3.200000000,tight_bend_1_standard,0.592500000,0.467500000
63.625794153,-8.337483419,8.748455577,-0.023061621,0.264498692,2.478940756,2.400000000,3.200000000,tight_bend_1_standard,0.572500000,0.577500000
63.900043266,-8.063287308,8.752062651,0.030875374,0.129270174,2.731582511,2.400000000,3.200000000,tight_bend_1_standard,0.522500000,0.627500000
64.174292379,-7.789368590,8.765384207,0.056678735,0.058955469,2.962758640,2.400000000,3.200000000,tight_bend_1_standard,0.587500000,0.612500000
64.448541491,-7.515695280,8.783132752,0.066380499,0.011800663,3.177158242,0.265571515,3.200000000,tight_bend_1_standard,0.607500000,0.497500000
64.722790604,-7.242079983,8.801766952,0.066367177,-0.011897787,3.200000000,0.000000000,3.200000000,tight_bend_1_standard,0.627500000,0.677500000
64.997039717,-6.968405570,8.819508247,0.062669689,-0.015066745,3.200000000,0.000000000,3.200000000,standard,0.542500000,0.657500000
65.271288829,-6.694660019,8.836118575,0.060068071,-0.003905986,3.200000000,0.000000000,3.200000000,standard,0.707500000,0.642500000
65.545537942,-6.420896750,8.852435658,0.059765587,0.001700077,3.200000000,0.000000000,3.200000000,standard,0.727500000,0.477500000
65.819787055,-6.147141117,8.868880380,0.058909538,-0.007942951,3.200000000,0.000000000,3.200000000,tight_bend_2_standard,0.642500000,0.607500000
66.094036168,-5.873350645,8.884728711,0.048953545,-0.064670072,3.200000000,0.000000000,3.200000000,tight_bend_2_standard,0.607500000,0.592500000
66.368285280,-5.599335871,8.895718832,0.012454433,-0.201685630,3.200000000,-3.995756865,3.200000000,tight_bend_2_standard,0.717500000,0.482500000
66.642534393,-5.325183912,8.891556170,-0.061420985,-0.337962321,2.836958662,-4.000000000,3.200000000,tight_bend_2_standard,0.717500000,0.487500000
66.916783506,-5.052652643,8.862098721,-0.177985809,-0.515634815,2.419574662,-4.000000000,3.200000000,tight_bend_2_standard,0.642500000,0.677500000
67.191032619,-4.787194064,8.794777498,-0.367510501,-0.882458550,1.913203763,-2.124940073,3.200000000,tight_bend_2_standard,0.447500000,0.677500000
67.465281731,-4.545696244,8.666919542,-0.656216786,-1.272160405,1.579500802,-0.632779772,3.200000000,tight_bend_2_standard,0.492500000,0.782500000
67.739530844,-4.360870781,8.466482717,-1.024052037,-1.504015949,1.465518407,-0.162332653,3.200000000,tight_bend_2_standard,0.532500000,0.987500000
68.013779957,-4.267901449,8.210496597,-1.431678183,-1.595150500,1.434818814,-0.090909946,3.200000000,tight_bend_2_standard,0.552500000,1.062500000
68.288029069,-4.287006759,7.938967858,-1.852627024,-1.613614378,1.417335911,0.282851253,3.200000000,tight_bend_2_standard,0.552500000,1.062500000
68.562278182,-4.415959569,7.699135727,-2.258558672,-1.470963639,1.471048774,1.314364458,3.200000000,tight_bend_2_standard,0.517500000,0.977500000
68.836527295,-4.626570960,7.525662114,-2.600999198,-1.104879600,1.698502596,2.400000000,3.200000000,tight_bend_2_standard,0.467500000,0.757500000
69.110776408,-4.879382161,7.420972525,-2.839511611,-0.665181159,2.049708958,2.400000000,3.200000000,tight_bend_2_standard,0.532500000,0.567500000
69.385025520,-5.147303580,7.363392510,-2.982668684,-0.385829236,2.348979044,2.400000000,3.200000000,tight_bend_2_standard,0.722500000,0.502500000
69.659274633,-5.419934650,7.334335151,-3.066982606,-0.230444089,2.614210835,2.400000000,3.200000000,tight_bend_2_standard,0.747500000,0.507500000
69.933523746,-5.693904064,7.322534780,-3.115227598,-0.121672937,2.854907010,2.400000000,3.200000000,tight_bend_2_standard,0.607500000,0.497500000
70.207772859,-5.968135636,7.319878452,-3.135860748,-0.028837200,3.076831126,2.400000000,3.200000000,round_arc_transition,0.557500000,0.492500000
70.482021971,-6.242384063,7.319390910,-3.132623107,0.052450891,3.283791332,2.400000000,5.000000000,dynamic_arc_transition,0.757500000,0.542500000
70.756271084,-6.516590296,7.314958930,-3.108226243,0.125510009,3.478459610,2.400000000,5.000000000,dynamic_arc_transition,0.762500000,0.537500000
71.030520197,-6.790466769,7.301096567,-3.064629525,0.192601481,3.662796336,-1.648467257,5.000000000,dynamic_arc_transition,0.577500000,0.527500000
71.304769309,-7.063209335,7.272806158,-3.003422481,0.254206963,3.537215803,-4.000000000,5.000000000,dynamic_arc_transition,0.612500000,0.697500000
71.579018422,-7.333297645,7.225612564,-2.926333274,0.308840242,3.212149239,-2.385048090,5.000000000,dynamic_arc_transition,0.822500000,0.767500000
71.853267535,-7.598410290,7.155786087,-2.835710140,0.353418528,3.001617578,-1.328379546,5.000000000,dynamic_arc_transition,0.702500000,0.817500000
72.127516648,-7.855521249,7.060697755,-2.734793513,0.384411366,2.877689049,-0.564039555,5.000000000,dynamic_arc_transition,0.942500000,0.852500000
72.401765760,-8.101220428,6.939159911,-2.627599421,0.399559722,2.823423377,0.031327556,5.000000000,dynamic_arc_transition,1.132500000,0.872500000
72.676014873,-8.332198771,6.791559370,-2.518388546,0.399246170,2.826464696,0.505081515,5.000000000,dynamic_arc_transition,1.397500000,0.877500000
72.950263986,-8.545724804,6.619669170,-2.410946882,0.386548551,2.875054607,0.873279453,5.000000000,dynamic_arc_transition,1.622500000,0.862500000
73.224513099,-8.739929415,6.426199623,-2.308027272,0.366000481,2.957182988,1.139712154,5.000000000,dynamic_arc_transition,2.232500000,0.817500000
73.498762211,-8.913831883,6.214275890,-2.211165670,0.342042011,3.061055588,1.304834109,5.000000000,dynamic_arc_transition,1.752500000,0.742500000
73.773011324,-9.067174131,5.987014572,-2.120835903,0.318053151,3.175808639,1.370242088,5.000000000,dynamic_arc_transition,1.347500000,0.822500000
74.047260437,-9.200181211,5.747269752,-2.036764413,0.296140745,3.292010915,1.340866099,5.000000000,dynamic_arc_transition,1.192500000,0.932500000
74.321509549,-9.313337673,5.497530384,-1.958243155,0.277374680,3.401881617,1.226120919,5.000000000,dynamic_arc_transition,0.977500000,1.022500000
74.595758662,-9.407218626,5.239916465,-1.884363337,0.262143262,3.499331891,1.039759539,5.000000000,dynamic_arc_transition,0.852500000,1.092500000
74.870007775,-9.482378577,4.976225640,-1.814160519,0.250453993,3.579892449,0.799311726,5.000000000,dynamic_arc_transition,0.707500000,1.147500000
75.144256888,-9.539286025,4.707998582,-1.746691451,0.242135287,3.640611352,0.524699290,5.000000000,dynamic_arc_transition,0.637500000,1.242500000
75.418506000,-9.578289630,4.436586616,-1.681067543,0.236952690,3.679924951,0.236743618,5.000000000,dynamic_arc_transition,0.592500000,1.267500000
75.692755113,-9.599604695,4.163214660,-1.616464556,0.234666115,3.697526348,-0.044458064,5.000000000,dynamic_arc_transition,0.567500000,1.282500000
75.967004226,-9.603312618,3.889037690,-1.552121656,0.235049946,3.694227379,-0.300874657,5.000000000,dynamic_arc_transition,0.562500000,1.287500000
76.241253339,-9.589369345,3.615191053,-1.487338071,0.237889964,3.671823350,-0.517642660,5.000000000,dynamic_arc_transition,0.527500000,1.277500000
76.515502451,-9.557621399,3.342835457,-1.421472665,0.242964668,3.632954807,-0.683564996,5.000000000,dynamic_arc_transition,0.567500000,1.252500000
76.789751564,-9.507829858,3.073196975,-1.353950217,0.250014706,3.580981212,-0.791358247,5.000000000,dynamic_arc_transition,0.622500000,1.272500000
77.064000677,-9.439703871,2.807601235,-1.284277290,0.258702928,3.519853385,-0.837386685,5.000000000,dynamic_arc_transition,0.707500000,1.222500000
77.338249789,-9.352945785,2.547499316,-1.212069710,0.268568993,3.453992290,-0.821228088,5.000000000,dynamic_arc_transition,0.762500000,1.157500000
77.612498902,-9.247309496,2.294480812,-1.137091975,0.278986795,3.388158879,-0.745045285,5.000000000,dynamic_arc_transition,0.902500000,1.077500000
77.886748015,-9.122671730,2.050267613,-1.059305774,0.289139576,3.327305903,-0.612911755,5.000000000,dynamic_arc_transition,1.082500000,1.037500000
78.160997128,-8.979112219,1.816681017,-0.978919895,0.298033808,3.276397955,-0.430117567,5.000000000,dynamic_arc_transition,1.312500000,0.917500000
78.435246240,-8.816993349,1.595576300,-0.896428115,0.304572870,3.240195186,-0.202446582,5.000000000,dynamic_arc_transition,1.602500000,0.767500000
78.709495353,-8.637024261,1.388744181,-0.812617903,0.307697865,3.223014621,0.064448745,5.000000000,dynamic_arc_transition,1.902500000,0.577500000
78.983744466,-8.440291546,1.197787866,-0.728534751,0.306573514,3.228493963,0.365942104,5.000000000,dynamic_arc_transition,2.367500000,0.482500000
79.257993579,-8.228241868,1.023994908,-0.645397548,0.300763482,3.259431218,0.699210013,5.000000000,dynamic_arc_transition,2.247500000,0.692500000
79.532242691,-8.002612530,0.868229832,-0.564477185,0.290326145,3.317741297,1.064421054,5.000000000,dynamic_arc_transition,1.942500000,0.837500000
79.806491804,-7.765320693,0.730871301,-0.486965813,0.275787067,3.404591073,1.466070334,5.000000000,dynamic_arc_transition,1.702500000,0.957500000
80.080740917,-7.518334037,0.611805817,-0.413868748,0.257998334,3.520706939,1.915087009,5.000000000,dynamic_arc_transition,1.512500000,1.052500000
80.354990030,-7.263548956,0.510473813,-0.345941965,0.237942115,3.666851399,2.400000000,5.000000000,dynamic_arc_transition,1.312500000,1.132500000
80.629239142,-7.002696162,0.425951096,-0.283681206,0.216546939,3.842160189,2.400000000,5.000000000,dynamic_arc_transition,1.197500000,1.147500000
80.903488255,-6.737282348,0.357043855,-0.227353352,0.194561276,4.009811799,2.400000000,5.000000000,dynamic_arc_transition,1.157500000,1.202500000
81.177737368,-6.468566109,0.302378324,-0.177053379,0.172493608,4.170729721,2.400000000,5.000000000,dynamic_arc_transition,1.092500000,1.242500000
81.451986480,-6.197560117,0.260472998,-0.132771009,0.150602912,4.325665514,2.400000000,5.000000000,dynamic_arc_transition,0.992500000,1.327500000
81.726235593,-5.925049892,0.229788082,-0.094456693,0.128914525,4.475240539,2.400000000,5.000000000,dynamic_arc_transition,0.907500000,1.352500000
82.000484706,-5.651620798,0.208751462,-0.062083068,0.107238517,4.619975501,2.400000000,5.000000000,dynamic_arc_transition,0.882500000,1.322500000
82.274733819,-5.377687430,0.195762415,-0.035706104,0.085154300,4.760311898,2.400000000,5.000000000,dynamic_arc_transition,0.817500000,1.182500000
82.548982931,-5.103522176,0.189172675,-0.015695051,0.060795225,4.896627932,1.865156251,5.000000000,dynamic_arc_transition,0.812500000,1.037500000
82.823232044,-4.829282580,0.187154466,-0.001944930,0.039485060,5.000000000,0.000000000,5.000000000,round_arc_transition,0.807500000,0.942500000
83.097481157,-4.555035700,0.188105905,0.006114961,0.019294261,5.000000000,0.000000000,5.000000000,round_arc_transition,0.812500000,0.837500000
83.371730270,-4.280797904,0.190508470,0.012801063,0.029465695,5.000000000,0.000000000,5.000000000,round_arc_transition,0.862500000,0.837500000
83.645979382,-4.006588314,0.195126998,0.008218365,-0.062889782,5.000000000,0.000000000,5.000000000,round_arc_transition,0.817500000,0.782500000
83.920228495,-3.732342302,0.195015980,0.000782004,0.008655122,5.000000000,0.000000000,5.000000000,straight_acceleration,0.817500000,0.782500000
84.194477608,-3.458096050,0.195555922,0.009295154,0.053430960,5.000000000,0.000000000,5.000000000,straight_acceleration,0.817500000,0.782500000
84.468726720,-3.183886094,0.200114111,0.017816941,0.008718221,5.000000000,0.000000000,5.000000000,straight_acceleration,0.872500000,0.777500000
84.742975833,-2.909686618,0.205327934,0.016601454,-0.017582413,5.000000000,0.000000000,5.000000000,straight_acceleration,0.827500000,0.722500000
85.017224946,-2.635465965,0.209219519,0.007815306,-0.046493929,5.000000000,0.000000000,5.000000000,straight_acceleration,0.832500000,0.767500000
85.291474059,-2.361219877,0.209614457,-0.006597194,-0.058616731,5.000000000,0.000000000,5.000000000,straight_acceleration,0.782500000,0.767500000
85.565723171,-2.087003012,0.205601151,-0.021835763,-0.052518996,5.000000000,0.000000000,5.000000000,straight_acceleration,0.777500000,0.772500000
85.839972284,-1.812871183,0.197638941,-0.033368957,-0.031591786,5.000000000,0.000000000,5.000000000,straight_acceleration,0.772500000,0.782500000
86.114221397,-1.538817222,0.187301970,-0.037933488,-0.001696381,5.000000000,0.000000000,5.000000000,straight_acceleration,0.712500000,0.742500000
86.388470510,-1.264768001,0.176837498,-0.034453772,0.027073131,5.000000000,0.000000000,5.000000000,straight_acceleration,0.747500000,0.752500000
86.662719622,-0.990649724,0.168408055,-0.024468346,0.045749189,5.000000000,0.000000000,5.000000000,straight_acceleration,0.742500000,0.707500000
86.936968735,-0.716448256,0.163418342,-0.010843556,0.053616115,5.000000000,0.000000000,5.000000000,straight_acceleration,0.737500000,0.662500000
87.211217848,-0.442203331,0.162460713,0.003615928,0.051837097,5.000000000,0.000000000,5.000000000,straight_acceleration,0.687500000,0.612500000
87.485466960,-0.167971929,0.165401602,0.016217579,0.040065985,5.000000000,0.000000000,5.000000000,straight_acceleration,0.687500000,0.662500000
